亜,S,2.5,sub-,ア
哀,S,3,pathetic,"アイ,あわ-れ,あわ-れむ"
挨,S,2,push open,アイ
曖,S,2,not clear,アイ
握,S,4,grip,"アク,にぎ-る"
扱,S,4,handle,あつか-う
宛,S,2,allocate,あ-てる
嵐,S,2,storm,あらし
依,S,4,reliant,"イ,（エ）"
威,S,4,intimidate,イ
為,S,4,do,イ
畏,S,2,fear,"イ,おそ-れる"
尉,S,2.5,military officer,イ
萎,S,2,wither,"イ,な-える"
偉,S,4,admirable,"イ,えら-い"
椅,S,2,chair,イ
彙,S,2,same kind,イ
違,S,4,differ,"イ,ちが-う,ちが-える"
維,S,4,fiber,イ
慰,S,3,consolation,"イ,なぐさ-める,なぐさ-む"
緯,S,4,horizontal,イ
壱,S,4,one (archaic),イチ
逸,S,2.5,deviate,イツ
茨,S,2,thorn,（いばら）
芋,S,4,potato,いも
咽,S,2,throat,イン
姻,S,2.5,matrimony,イン
淫,S,2,lewdness,"イン,みだ-ら"
陰,S,4,shade,"イン,かげ,かげ-る"
隠,S,4,conceal,"イン,かく-す,かく-れる"
韻,S,2.5,rhyme,イン
唄,S,2,songs with shamisen,（うた）
鬱,S,2,gloom,ウツ
畝,S,2.5,furrow,うね
浦,S,2.5,bay,うら
詠,S,3,recitation,"エイ,よ-む"
影,S,4,shadow,"エイ,かげ"
鋭,S,4,pointed,"エイ,するど-い"
疫,S,2.5,epidemic,"エキ,（ヤク）"
悦,S,3,ecstasy,エツ
越,S,4,cross over,"エツ,こ-す,こ-える"
謁,S,2.5,audience,エツ
閲,S,3,review,エツ
炎,S,3,inflammation,"エン,ほのお"
怨,S,2,grudge,"エン,オン"
宴,S,3,banquet,エン
媛,S,2,princess,エン
援,S,4,aid,エン
煙,S,4,smoke,"エン,けむ-る,けむり,けむ-い"
猿,S,2.5,monkey,"エン,さる"
鉛,S,4,lead,"エン,なまり"
縁,S,4,affinity,"エン,ふち"
艶,S,2,glossy,"エン,つや"
汚,S,4,dirty,"オ,けが-す,けが-れる,けが-らわしい,よご-す,よご-れる,きたな-い"
凹,S,2.5,concave,オウ
押,S,4,push,"オウ,お-す,お-さえる"
旺,S,2,flourishing,オウ
欧,S,3,Europe,オウ
殴,S,3,assault,"オウ,なぐ-る"
翁,S,2.5,venerable old man,オウ
奥,S,4,heart,"オウ,おく"
岡,S,2,hill,（おか）
憶,S,4,recollection,オク
臆,S,2,timidity,オク
虞,S,2.5,uneasiness,おそれ
乙,S,3,the latter,オツ
俺,S,2,"I, we",おれ
卸,S,3,wholesale,"おろ-す,おろし"
穏,S,3,calm,"オン,おだ-やか"
佳,S,3,excellent,カ
苛,S,2,torment,カ
架,S,3,rack,"カ,か-ける,か-かる"
華,S,3,splendor,"カ,（ケ）,はな"
菓,S,4,confectionery,カ
渦,S,2.5,whirlpool,"カ,うず"
嫁,S,3,marry into,"カ,よめ,とつ-ぐ"
暇,S,4,spare time,"カ,ひま"
禍,S,2.5,calamity,カ
靴,S,2.5,shoes,"カ,くつ"
寡,S,2.5,widow,カ
箇,S,4,counters for things,カ
稼,S,2.5,earnings,"カ,かせ-ぐ"
蚊,S,2.5,mosquito,か
牙,S,2,tusk,"ガ,（ゲ）,きば"
瓦,S,2,tile,"ガ,かわら"
雅,S,4,gracious,ガ
餓,S,3,starve,ガ
介,S,4,jammed in,カイ
戒,S,4,commandment,"カイ,いまし-める"
怪,S,3,suspicious,"カイ,あや-しい,あや-しむ"
拐,S,2.5,kidnap,カイ
悔,S,3,repent,"カイ,く-いる,く-やむ,くや-しい"
皆,S,4,all,"カイ,みな"
塊,S,3,clod,"カイ,かたまり"
楷,S,2,square character style,カイ
潰,S,2,crush,"カイ,つぶ-す,つぶ-れる"
壊,S,4,demolition,"カイ,こわ-す,こわ-れる"
懐,S,2.5,pocket,"カイ,ふところ,なつ-かしい,なつ-かしむ,なつ-く,なつ-ける"
諧,S,2,harmony,カイ
劾,S,2.5,censure,ガイ
崖,S,2,cliff,"ガイ,がけ"
涯,S,2.5,horizon,ガイ
慨,S,3,rue,ガイ
蓋,S,2,cover,"ガイ,ふた"
該,S,3,above-stated,ガイ
概,S,3,outline,ガイ
骸,S,2,dead remains,ガイ
垣,S,2.5,hedge,かき
柿,S,2,persimmon,かき
核,S,2.5,nucleus,カク
殻,S,2.5,husk,"カク,から"
郭,S,3,enclosure,カク
較,S,4,contrast,カク
隔,S,3,isolate,"カク,へだ-てる,へだ-たる"
獲,S,4,seize,"カク,え-る"
嚇,S,2.5,menacing,カク
穫,S,3,harvest,カク
岳,S,3,point,"ガク,たけ"
顎,S,2,jaw,"ガク,あご"
掛,S,3,hang,"か-ける,か-かる,かかり"
潟,S,2.5,lagoon,かた
括,S,2.5,fasten,カツ
喝,S,2.5,hoarse,カツ
渇,S,2.5,thirst,"カツ,かわ-く"
葛,S,2,arrowroot,"カツ,くず"
滑,S,3,slippery,"カツ,コツ,すべ-る,なめ-らか"
褐,S,2.5,brown,カツ
轄,S,2.5,control,カツ
且,S,2.5,moreover,か-つ
釜,S,2,kettle,かま
鎌,S,2,sickle,かま
刈,S,4,reap,か-る
甘,S,4,sweet,"カン,あま-い,あま-える,あま-やかす"
汗,S,4,sweat,"カン,あせ"
缶,S,2.5,tin can,カン
肝,S,3,liver,"カン,きも"
冠,S,3,crown,"カン,かんむり"
陥,S,2.5,collapse,"カン,おちい-る,おとしい-れる"
乾,S,4,dry,"カン,かわ-く,かわ-かす"
勘,S,3,intuition,カン
患,S,2.5,afflicted,"カン,わずら-う"
貫,S,3,pierce,"カン,つらぬ-く"
喚,S,3,yell,カン
堪,S,2.5,withstand,"カン,た-える"
換,S,3,interchange,"カン,か-える,か-わる"
敢,S,3,daring,カン
棺,S,2.5,coffin,カン
款,S,2.5,goodwill,カン
閑,S,2.5,leisure,カン
勧,S,4,persuade,"カン,すす-める"
寛,S,2.5,tolerant,カン
歓,S,4,delight,カン
監,S,4,oversee,カン
緩,S,3,slacken,"カン,ゆる-い,ゆる-やか,ゆる-む,ゆる-める"
憾,S,2.5,remorse,カン
還,S,2.5,send back,カン
環,S,4,ring,カン
韓,S,2,Korea,カン
艦,S,2.5,warship,カン
鑑,S,4,specimen,"カン,かんが-みる"
含,S,4,include,"ガン,ふく-む,ふく-める"
玩,S,2,trifle with,ガン
頑,S,2.5,stubborn,ガン
企,S,3,plan,"キ,くわだ-てる"
伎,S,2,deed,キ
岐,S,3,branch off,キ
忌,S,3,mourning,"キ,い-む,い-まわしい"
奇,S,4,strange,キ
祈,S,4,pray,"キ,いの-る"
軌,S,3,rut,キ
既,S,3,previously,"キ,すで-に"
飢,S,2.5,hungry,"キ,う-える"
鬼,S,4,ghost,"キ,おに"
亀,S,2,turtle,"キ,かめ"
幾,S,4,how many,"キ,いく"
棋,S,3,chess piece,キ
棄,S,3,abandon,キ
毀,S,2,destroy,キ
畿,S,2,capital,キ
輝,S,4,radiance,"キ,かがや-く"
騎,S,3,equestrian,キ
宜,S,2.5,best regards,ギ
偽,S,2.5,falsehood,"ギ,いつわ-る,にせ"
欺,S,3,deceit,"ギ,あざむ-く"
儀,S,4,ceremony,ギ
戯,S,4,frolic,"ギ,たわむ-れる"
擬,S,2.5,mimic,ギ
犠,S,3,sacrifice,ギ
菊,S,3,chrysanthemum,キク
吉,S,3,good luck,"キチ,キツ"
喫,S,3,consume,キツ
詰,S,4,packed,"キツ,つ-める,つ-まる,つ-む"
却,S,4,instead,キャク
脚,S,4,leg,"キャク,（キャ）,あし"
虐,S,3,tyrannize,"ギャク,しいた-げる"
及,S,4,reach out,"キュウ,およ-ぶ,およ-び,およ-ぼす"
丘,S,4,hill,"キュウ,おか"
朽,S,4,decay,"キュウ,く-ちる"
臼,S,2,mortar,"キュウ,うす"
糾,S,2.5,twist,キュウ
嗅,S,2,smell,"キュウ,か-ぐ"
窮,S,2.5,hard up,"キュウ,きわ-める,きわ-まる"
巨,S,4,gigantic,キョ
拒,S,2.5,repel,"キョ,こば-む"
拠,S,4,foothold,"キョ,コ"
虚,S,3,void,"キョ,（コ）"
距,S,4,long-distance,キョ
御,S,4,honorable,"ギョ,ゴ,おん"
凶,S,4,villain,キョウ
叫,S,4,shout,"キョウ,さけ-ぶ"
狂,S,4,lunatic,"キョウ,くる-う,くる-おしい"
享,S,2.5,receive,キョウ
況,S,4,condition,キョウ
峡,S,3,gorge,キョウ
挟,S,2.5,pinch,"キョウ,はさ-む,はさ-まる"
狭,S,4,cramped,"キョウ,せま-い,せば-める,せば-まる"
恐,S,4,fear,"キョウ,おそ-れる,おそ-ろしい"
恭,S,2.5,respect,"キョウ,うやうや-しい"
脅,S,3,threaten,"キョウ,おびや-かす,おど-す,おど-かす"
矯,S,2.5,rectify,"キョウ,た-める"
響,S,4,echo,"キョウ,ひび-く"
驚,S,4,wonder,"キョウ,おどろ-く,おどろ-かす"
仰,S,4,face-up,"ギョウ,（コウ）,あお-ぐ,おお-せ"
暁,S,2.5,daybreak,"ギョウ,あかつき"
凝,S,3,congeal,"ギョウ,こ-る,こ-らす"
巾,S,2,towel,キン
斤,S,3,axe,キン
菌,S,2.5,germ,キン
琴,S,2.5,harp,"キン,こと"
僅,S,2,a wee bit,"キン,わず-か"
緊,S,3,tense,キン
錦,S,2,brocade,"キン,にしき"
謹,S,2.5,discreet,"キン,つつし-む"
襟,S,2.5,collar,"キン,えり"
吟,S,2.5,versify,ギン
駆,S,4,drive,"ク,か-ける,か-る"
惧,S,2,dread,グ
愚,S,3,foolish,"グ,おろ-か"
偶,S,3,accidentally,グウ
遇,S,3,interview,グウ
隅,S,2.5,corner,"グウ,すみ"
串,S,2,skewer,くし
屈,S,4,yield,クツ
掘,S,4,dig,"クツ,ほ-る"
窟,S,2,cavern,クツ
熊,S,2,bear,くま
繰,S,4,winding,く-る
勲,S,2.5,meritorious deed,クン
薫,S,2.5,fragrant,"クン,かお-る"
刑,S,3,punish,ケイ
茎,S,2.5,stalk,"ケイ,くき"
契,S,3,pledge,"ケイ,ちぎ-る"
恵,S,4,favor,"ケイ,エ,めぐ-む"
啓,S,3,disclose,ケイ
掲,S,3,put up (a notice),"ケイ,かか-げる"
渓,S,2.5,mountain stream,ケイ
蛍,S,2.5,lightning-bug,"ケイ,ほたる"
傾,S,4,lean,"ケイ,かたむ-く,かたむ-ける"
携,S,3,portable,"ケイ,たずさ-える,たずさ-わる"
継,S,4,inherit,"ケイ,つ-ぐ"
詣,S,2,visit a temple,"ケイ,もう-でる"
慶,S,2.5,jubilation,ケイ
憬,S,2,long for,ケイ
稽,S,2,consider,ケイ
憩,S,3,recess,"ケイ,いこ-い,いこ-う"
鶏,S,3,chicken,"ケイ,にわとり"
迎,S,4,welcome,"ゲイ,むか-える"
鯨,S,3,whale,"ゲイ,くじら"
隙,S,2,fissure,"ゲキ,すき"
撃,S,4,beat,"ゲキ,う-つ"
桁,S,2,beam,けた
傑,S,2.5,greatness,ケツ
肩,S,4,shoulder,"ケン,かた"
倹,S,3,frugal,ケン
兼,S,4,concurrently,"ケン,か-ねる"
剣,S,4,sabre,"ケン,つるぎ"
拳,S,2,fist,"ケン,こぶし"
軒,S,4,flats,"ケン,のき"
圏,S,4,sphere,ケン
堅,S,4,strict,"ケン,かた-い"
嫌,S,2.5,dislike,"ケン,（ゲン）,きら-う,いや"
献,S,2.5,offering,"ケン,（コン）"
遣,S,4,dispatch,"ケン,つか-う,つか-わす"
賢,S,3,intelligent,"ケン,かしこ-い"
謙,S,2.5,self-effacing,ケン
鍵,S,2,key,"ケン,かぎ"
繭,S,2.5,cocoon,"ケン,まゆ"
顕,S,2.5,appear,ケン
懸,S,2.5,suspend,"ケン,（ケ）,か-ける,か-かる"
幻,S,3,phantasm,"ゲン,まぼろし"
玄,S,4,mysterious,ゲン
弦,S,2.5,bowstring,"ゲン,つる"
舷,S,2,gunwale,ゲン
股,S,2,crotch,"コ,また"
虎,S,2,tiger,"コ,とら"
孤,S,3,orphan,コ
弧,S,3,arc,コ
枯,S,4,wither,"コ,か-れる,か-らす"
雇,S,3,employ,"コ,やと-う"
誇,S,4,boast,"コ,ほこ-る"
鼓,S,4,drum,"コ,つづみ"
錮,S,2,tie up,コ
顧,S,3,look back,"コ,かえり-みる"
互,S,4,mutually,"ゴ,たが-い"
呉,S,2.5,give,ゴ
娯,S,3,recreation,ゴ
悟,S,3,enlightenment,"ゴ,さと-る"
碁,S,2.5,Go,ゴ
勾,S,2,capture,コウ
孔,S,3,cavity,コウ
巧,S,3,adroit,"コウ,たく-み"
甲,S,3,armor,"コウ,カン"
江,S,2.5,inlet,"コウ,え"
坑,S,3,pit,コウ
抗,S,4,confront,コウ
攻,S,4,aggression,"コウ,せ-める"
更,S,4,grow late,"コウ,さら,ふ-ける,ふ-かす"
拘,S,3,arrest,コウ
肯,S,2.5,agreement,コウ
侯,S,2.5,marquis,コウ
恒,S,4,constancy,コウ
洪,S,2.5,deluge,コウ
荒,S,4,laid waste,"コウ,あら-い,あ-れる,あ-らす"
郊,S,3,outskirts,コウ
香,S,4,incense,"コウ,（キョウ）,か,かお-り,かお-る"
貢,S,2.5,tribute,"コウ,（ク）,みつ-ぐ"
控,S,3,withdraw,"コウ,ひか-える"
梗,S,2,close up,コウ
喉,S,2,throat,"コウ,のど"
慌,S,3,disconcerted,"コウ,あわ-てる,あわ-ただしい"
硬,S,3,stiff,"コウ,かた-い"
絞,S,3,strangle,"コウ,しぼ-る,し-める,し-まる"
項,S,4,paragraph,コウ
溝,S,2.5,gutter,"コウ,みぞ"
綱,S,3,hawser,"コウ,つな"
酵,S,3,fermentation,コウ
稿,S,4,draft,コウ
衡,S,2.5,equilibrium,コウ
購,S,2.5,subscription,コウ
乞,S,2,beg,こ-う
拷,S,2.5,torture,ゴウ
剛,S,2.5,sturdy,ゴウ
傲,S,2,be proud,ゴウ
豪,S,4,overpowering,ゴウ
克,S,3,overcome,コク
酷,S,2.5,cruel,コク
獄,S,3,prison,ゴク
駒,S,2,horse,こま
込,S,4,crowded,"こ-む,こ-める"
頃,S,2,times,ころ
昆,S,2.5,descendants,コン
恨,S,3,rancor,"コン,うら-む,うら-めしい"
婚,S,4,marriage,コン
痕,S,2,mark,"コン,あと"
紺,S,3,dark blue,コン
魂,S,3,soul,"コン,たましい"
墾,S,3,ground-breaking,コン
懇,S,2.5,sociable,"コン,ねんご-ろ"
佐,S,2.5,help,サ
沙,S,2,sand,サ
唆,S,2.5,tempt,"サ,そそのか-す"
詐,S,2.5,lie,サ
鎖,S,4,chain,"サ,くさり"
挫,S,2,sprain,ザ
采,S,2,form,サイ
砕,S,2.5,smash,"サイ,くだ-く,くだ-ける"
宰,S,2.5,superintend,サイ
栽,S,2.5,plantation,サイ
彩,S,4,coloring,"サイ,いろど-る"
斎,S,2.5,purification,サイ
債,S,3,bond,サイ
催,S,3,sponsor,"サイ,もよお-す"
塞,S,2,obstruct,"サイ,ソク,ふさ-ぐ,ふさ-がる"
歳,S,4,year-end,"サイ,（セイ）"
載,S,4,ride,"サイ,の-せる,の-る"
埼,S,2,cape (geography),（さい）
剤,S,4,dose,ザイ
崎,S,2.5,promontory,さき
削,S,3,plane,"サク,けず-る"
柵,S,2,fence,サク
索,S,2.5,cord,サク
酢,S,2.5,vinegar,"サク,す"
搾,S,3,squeeze,"サク,しぼ-る"
錯,S,3,confused,サク
咲,S,4,blossom,さ-く
刹,S,2,temple,"サツ,セツ"
拶,S,2,be imminent,サツ
撮,S,3,snapshot,"サツ,と-る"
擦,S,3,grate,"サツ,す-る,す-れる"
桟,S,2.5,scaffold,サン
惨,S,4,wretched,"サン,ザン,みじ-め"
傘,S,2.5,umbrella,"サン,かさ"
斬,S,2,kill by slicing,"ザン,き-る"
暫,S,3,temporarily,ザン
旨,S,4,delicious,"シ,むね"
伺,S,4,pay respects,"シ,うかが-う"
刺,S,4,thorn,"シ,さ-す,さ-さる"
祉,S,3,welfare,シ
肢,S,2.5,limb,シ
施,S,3,carry out,"シ,セ,ほどこ-す"
恣,S,2,selfish,シ
脂,S,4,fat,"シ,あぶら"
紫,S,4,purple,"シ,むらさき"
嗣,S,2.5,heir,シ
雌,S,4,feminine,"シ,め,めす"
摯,S,2,seriousness,シ
賜,S,2.5,grant,"シ,たまわ-る"
諮,S,3,consult with,"シ,はか-る"
侍,S,3,waiter,"ジ,さむらい"
滋,S,2.5,nourishing,ジ
慈,S,3,mercy,"ジ,いつく-しむ"
餌,S,2,bait,"ジ,えさ,え"
璽,S,2.5,emperor's seal,ジ
鹿,S,2,deer,"しか,（か）,ロク"
軸,S,3,axis,ジク
𠮟,S,2,scold,"シツ,しか-る"
疾,S,3,rapidly,シツ
執,S,4,tenacious,"シツ,シュウ,と-る"
湿,S,3,damp,"シツ,しめ-る,しめ-す"
嫉,S,2,envy,シツ
漆,S,2.5,lacquer,"シツ,うるし"
芝,S,4,turf,しば
赦,S,3,pardon,シャ
斜,S,4,diagonal,"シャ,なな-め"
煮,S,4,boil,"シャ,に-る,に-える,に-やす"
遮,S,2.5,intercept,"シャ,さえぎ-る"
邪,S,3,wicked,ジャ
蛇,S,2.5,snake,"ジャ,ダ,へび"
酌,S,2.5,bartending,"シャク,く-む"
釈,S,4,explanation,シャク
爵,S,2.5,baron,シャク
寂,S,4,loneliness,"ジャク,（セキ）,さび,さび-しい,さび-れる"
朱,S,4,vermilion,シュ
狩,S,4,hunt,"シュ,か-る,か-り"
殊,S,3,particularly,"シュ,こと"
珠,S,2.5,pearl,シュ
腫,S,2,tumor,"シュ,は-れる,は-らす"
趣,S,4,gist,"シュ,おもむき"
寿,S,3,longevity,"ジュ,ことぶき"
呪,S,2,curse,"ジュ,のろ-う"
需,S,4,demand,ジュ
儒,S,2.5,Confucian,ジュ
囚,S,2.5,captured,シュウ
舟,S,4,boat,"シュウ,ふね,（ふな）"
秀,S,4,excel,"シュウ,ひい-でる"
臭,S,2.5,stinking,"シュウ,くさ-い,にお-う"
袖,S,2,sleeve,"シュウ,そで"
羞,S,2,feel ashamed,シュウ
愁,S,2.5,distress,"シュウ,うれ-える,うれ-い"
酬,S,2.5,repay,シュウ
醜,S,2.5,ugly,"シュウ,みにく-い"
蹴,S,2,kick,"シュウ,け-る"
襲,S,4,attack,"シュウ,おそ-う"
汁,S,2.5,soup,"ジュウ,しる"
充,S,2.5,allot,"ジュウ,あ-てる"
柔,S,4,tender,"ジュウ,ニュウ,やわ-らか,やわ-らかい"
渋,S,2.5,astringent,"ジュウ,しぶ,しぶ-い,しぶ-る"
銃,S,2.5,gun,ジュウ
獣,S,4,animal,"ジュウ,けもの"
叔,S,2.5,uncle,シュク
淑,S,2.5,graceful,シュク
粛,S,2.5,solemn,シュク
塾,S,2.5,cram school,ジュク
俊,S,2.5,genius,シュン
瞬,S,4,wink,"シュン,またた-く"
旬,S,4,10-day period (of the month),"ジュン,（シュン）"
巡,S,4,patrol,"ジュン,めぐ-る"
盾,S,4,shield,"ジュン,たて"
准,S,2.5,quasi-,ジュン
殉,S,2.5,martyrdom,ジュン
循,S,2.5,sequential,ジュン
潤,S,3,wet,"ジュン,うるお-う,うるお-す,うる-む"
遵,S,3,abide by,ジュン
庶,S,2.5,commoner,ショ
緒,S,2.5,thong,"ショ,（チョ）,お"
如,S,3,likeness,"ジョ,ニョ"
叙,S,2.5,confer,ジョ
徐,S,3,gradually,ジョ
升,S,2.5,measuring box,"ショウ,ます"
召,S,4,summon,"ショウ,め-す"
匠,S,3,artisan,ショウ
床,S,4,bed,"ショウ,とこ,ゆか"
抄,S,2.5,extract,ショウ
肖,S,2.5,resemblance,ショウ
尚,S,2.5,esteem,ショウ
昇,S,3,rise up,"ショウ,のぼ-る"
沼,S,4,marsh,"ショウ,ぬま"
宵,S,2.5,wee hours,"ショウ,よい"
症,S,2.5,symptoms,ショウ
祥,S,2.5,auspicious,ショウ
称,S,4,appellation,ショウ
渉,S,2.5,ford,ショウ
紹,S,4,introduce,ショウ
訟,S,2.5,sue,ショウ
掌,S,3,manipulate,ショウ
晶,S,3,sparkle,ショウ
焦,S,3,char,"ショウ,こ-げる,こ-がす,こ-がれる,あせ-る"
硝,S,2.5,nitrate,ショウ
粧,S,2.5,cosmetics,ショウ
詔,S,2.5,imperial edict,"ショウ,みことのり"
奨,S,2.5,exhort,ショウ
詳,S,4,detailed,"ショウ,くわ-しい"
彰,S,2.5,patent,ショウ
憧,S,2,desire,"ショウ,あこが-れる"
衝,S,3,collide,ショウ
償,S,2.5,reparation,"ショウ,つぐな-う"
礁,S,2.5,reef,ショウ
鐘,S,3,bell,"ショウ,かね"
丈,S,4,length,"ジョウ,たけ"
冗,S,3,superfluous,ジョウ
浄,S,2.5,clean,ジョウ
剰,S,2.5,surplus,ジョウ
畳,S,4,tatami mat,"ジョウ,たた-む,たたみ"
縄,S,2.5,straw rope,"ジョウ,なわ"
壌,S,2.5,lot,ジョウ
嬢,S,3,lass,ジョウ
錠,S,3,lock,ジョウ
譲,S,3,defer,"ジョウ,ゆず-る"
醸,S,2.5,brew,"ジョウ,かも-す"
拭,S,2,wipe,"ショク,ふ-く,ぬぐ-う"
殖,S,4,augment,"ショク,ふ-える,ふ-やす"
飾,S,4,decorate,"ショク,かざ-る"
触,S,4,contact,"ショク,ふ-れる,さわ-る"
嘱,S,3,entrust,ショク
辱,S,3,embarrass,"ジョク,はずかし-める"
尻,S,2,buttocks,しり
伸,S,3,lengthen,"シン,の-びる,の-ばす,の-べる"
芯,S,2,core,シン
辛,S,3,spicy,"シン,から-い"
侵,S,4,encroach,"シン,おか-す"
津,S,2.5,haven,"シン,つ"
唇,S,2.5,lips,"シン,くちびる"
娠,S,2.5,with child,シン
振,S,4,shake,"シン,ふ-る,ふ-るう,ふ-れる"
浸,S,4,immersed,"シン,ひた-す,ひた-る"
紳,S,2.5,sire,シン
診,S,2.5,checkup,"シン,み-る"
寝,S,4,lie down,"シン,ね-る,ね-かす"
慎,S,4,humility,"シン,つつし-む"
審,S,3,examine,シン
震,S,4,quake,"シン,ふる-う,ふる-える"
薪,S,4,fuel,"シン,たきぎ"
刃,S,2.5,blade,"ジン,は"
尽,S,4,exhaust,"ジン,つ-くす,つ-きる,つ-かす"
迅,S,2.5,swift,ジン
甚,S,2.5,tremendously,"ジン,はなは-だ,はなは-だしい"
陣,S,4,camp,ジン
尋,S,4,inquire,"ジン,たず-ねる"
腎,S,2,kidney,ジン
須,S,2,by all means,ス
吹,S,4,blow,"スイ,ふ-く"
炊,S,3,cook,"スイ,た-く"
帥,S,2.5,commander,スイ
粋,S,3,chic,"スイ,いき"
衰,S,3,decline,"スイ,おとろ-える"
酔,S,3,drunk,"スイ,よ-う"
遂,S,3,consummate,"スイ,と-げる"
睡,S,2.5,drowsy,スイ
穂,S,3,ear,"スイ,ほ"
随,S,3,follow,ズイ
髄,S,3,marrow,ズイ
枢,S,2.5,hinge,スウ
崇,S,2.5,adore,スウ
据,S,2.5,set,"す-える,す-わる"
杉,S,2.5,cedar,すぎ
裾,S,2,cuff,すそ
瀬,S,3,rapids,せ
是,S,4,just so,ゼ
井,S,4,well,"セイ,（ショウ）,い"
姓,S,4,surname,"セイ,ショウ"
征,S,4,subjugate,セイ
斉,S,2.5,adjusted,セイ
牲,S,3,animal sacrifice,セイ
凄,S,2,uncanny,セイ
逝,S,2.5,departed,"セイ,ゆ-く,い-く"
婿,S,3,bridegroom,"セイ,むこ"
誓,S,2.5,vow,"セイ,ちか-う"
請,S,3,solicit,"セイ,（シン）,こ-う,う-ける"
醒,S,2,be disillusioned,セイ
斥,S,3,reject,セキ
析,S,2.5,chop,セキ
脊,S,2,stature,セキ
隻,S,3,vessels,セキ
惜,S,3,pity,"セキ,お-しい,お-しむ"
戚,S,2,grieve,セキ
跡,S,4,tracks,"セキ,あと"
籍,S,3,enroll,セキ
拙,S,2.5,bungling,"セツ,つたな-い"
窃,S,2.5,stealth,セツ
摂,S,3,vicarious,セツ
仙,S,2.5,hermit,セン
占,S,4,fortune telling,"セン,し-める,うらな-う"
扇,S,4,fan,"セン,おうぎ"
栓,S,2.5,plug,セン
旋,S,2.5,rotation,セン
煎,S,2,broil,"セン,い-る"
羨,S,2,envy,"セン,うらや-む,うらや-ましい"
腺,S,2,gland,セン
詮,S,2,discussion,セン
践,S,2.5,tread,セン
箋,S,2,paper,セン
潜,S,3,submerge,"セン,ひそ-む,もぐ-る"
遷,S,2.5,transition,セン
薦,S,2.5,recommend,"セン,すす-める"
繊,S,2.5,slender,セン
鮮,S,4,fresh,"セン,あざ-やか"
禅,S,2.5,Zen,ゼン
漸,S,2.5,steadily,ゼン
膳,S,2,tray,ゼン
繕,S,3,darning,"ゼン,つくろ-う"
狙,S,2,aim at,"ソ,ねら-う"
阻,S,3,thwart,"ソ,はば-む"
租,S,2.5,tariff,ソ
措,S,3,set aside,ソ
粗,S,3,coarse,"ソ,あら-い"
疎,S,2.5,alienate,"ソ,うと-い,うと-む"
訴,S,4,sue,"ソ,うった-える"
塑,S,2.5,model,ソ
遡,S,2,go upstream,"ソ,さかのぼ-る"
礎,S,3,cornerstone,"ソ,いしずえ"
双,S,3,pair,"ソウ,ふた"
壮,S,2.5,robust,ソウ
荘,S,2.5,villa,ソウ
捜,S,2.5,search,"ソウ,さが-す"
挿,S,2.5,insert,"ソウ,さ-す"
桑,S,3,mulberry,"ソウ,くわ"
掃,S,3,sweep,"ソウ,は-く"
曹,S,2.5,cadet,ソウ
曽,S,2,formerly,"ソウ,（ゾ）"
爽,S,2,refreshing,"ソウ,さわ-やか"
喪,S,2.5,miss,"ソウ,も"
痩,S,2,get thin,"ソウ,や-せる"
葬,S,3,interment,"ソウ,ほうむ-る"
僧,S,4,Buddhist priest,ソウ
遭,S,3,encounter,"ソウ,あ-う"
槽,S,2.5,vat,ソウ
踪,S,2,remains,ソウ
燥,S,4,parch,ソウ
霜,S,2.5,frost,"ソウ,しも"
騒,S,4,boisterous,"ソウ,さわ-ぐ"
藻,S,2.5,seaweed,"ソウ,も"
憎,S,3,hate,"ゾウ,にく-む,にく-い,にく-らしい,にく-しみ"
贈,S,4,presents,"ゾウ,（ソウ）,おく-る"
即,S,4,instant,ソク
促,S,3,stimulate,"ソク,うなが-す"
捉,S,2,capture,"ソク,とら-える"
俗,S,4,vulgar,ゾク
賊,S,3,burglar,ゾク
遜,S,2,humble,ソン
汰,S,2,luxury,タ
妥,S,2.5,gentle,ダ
唾,S,2,saliva,"ダ,つば"
堕,S,2.5,degenerate,ダ
惰,S,2.5,lazy,ダ
駄,S,2.5,burdensome,ダ
耐,S,4,resistant,"タイ,た-える"
怠,S,3,neglect,"タイ,おこた-る,なま-ける"
胎,S,3,womb,タイ
泰,S,2.5,peaceful,タイ
堆,S,2,piled high,タイ
袋,S,3,sack,"タイ,ふくろ"
逮,S,3,apprehend,タイ
替,S,4,exchange,"タイ,か-える,か-わる"
滞,S,3,stagnate,"タイ,とどこお-る"
戴,S,2,be crowned with,タイ
滝,S,3,waterfall,たき
択,S,3,choose,タク
沢,S,4,swamp,"タク,さわ"
卓,S,3,eminent,タク
拓,S,4,clear (the land),タク
託,S,3,consign,タク
濯,S,2.5,laundry,タク
諾,S,3,consent,ダク
濁,S,4,voiced,"ダク,にご-る,にご-す"
但,S,2.5,however,ただ-し
脱,S,4,undress,"ダツ,ぬ-ぐ,ぬ-げる"
奪,S,3,rob,"ダツ,うば-う"
棚,S,2.5,shelf,たな
誰,S,2,who (question word),だれ
丹,S,4,cinnabar,タン
旦,S,2,daybreak,"タン,ダン"
胆,S,3,gall bladder,タン
淡,S,4,thin,"タン,あわ-い"
嘆,S,4,sigh,"タン,なげ-く,なげ-かわしい"
端,S,4,edge,"タン,はし,は,はた"
綻,S,2,rip,"タン,ほころ-びる"
鍛,S,3,forge,"タン,きた-える"
弾,S,4,bullet,"ダン,ひ-く,はず-む,たま"
壇,S,3,podium,"ダン,（タン）"
恥,S,4,shame,"チ,は-じる,はじ,は-じらう,は-ずかしい"
致,S,4,(to) do,"チ,いた-す"
遅,S,4,slow,"チ,おく-れる,おく-らす,おそ-い"
痴,S,2.5,stupid,チ
稚,S,3,immature,チ
緻,S,2,fine (not coarse),チ
畜,S,3,livestock,チク
逐,S,2.5,pursue,チク
蓄,S,4,amass,"チク,たくわ-える"
秩,S,2.5,regularity,チツ
窒,S,3,plug up,チツ
嫡,S,2.5,legitimate wife,チャク
沖,S,4,open sea,"チュウ,おき"
抽,S,3,pluck,チュウ
衷,S,2.5,inmost,チュウ
酎,S,2,sake,チュウ
鋳,S,3,casting,"チュウ,い-る"
駐,S,3,stop-over,チュウ
弔,S,2.5,condolences,"チョウ,とむら-う"
挑,S,2.5,challenge,"チョウ,いど-む"
彫,S,3,carve,"チョウ,ほ-る"
眺,S,2.5,stare,"チョウ,なが-める"
釣,S,2.5,angling,"チョウ,つ-る"
貼,S,2,paste,"チョウ,は-る"
超,S,3,transcend,"チョウ,こ-える,こ-す"
跳,S,4,hop,"チョウ,は-ねる,と-ぶ"
徴,S,4,indications,チョウ
嘲,S,2,ridicule,"チョウ,あざけ-る"
澄,S,4,lucidity,"チョウ,す-む,す-ます"
聴,S,3,listen,"チョウ,き-く"
懲,S,2.5,penal,"チョウ,こ-りる,こ-らす,こ-らしめる"
勅,S,2.5,imperial order,チョク
捗,S,2,make progress,チョク
沈,S,4,sink,"チン,しず-む,しず-める"
珍,S,4,rare,"チン,めずら-しい"
朕,S,2.5,majestic plural,チン
陳,S,3,exhibit,チン
鎮,S,3,tranquilize,"チン,しず-める,しず-まる"
椎,S,2,oak,ツイ
墜,S,3,crash down,ツイ
塚,S,2.5,hillock,つか
漬,S,2.5,pickling,"つ-ける,つ-かる"
坪,S,2.5,two-mat area,つぼ
爪,S,2,claw,"つめ,（つま）"
鶴,S,2,crane,つる
呈,S,2.5,display,テイ
廷,S,2.5,courts,テイ
抵,S,4,resist,テイ
邸,S,2.5,residence,テイ
亭,S,2.5,pavilion,テイ
貞,S,2.5,upright,テイ
帝,S,3,sovereign,テイ
訂,S,3,revise,テイ
逓,S,2.5,relay,テイ
偵,S,2.5,spy,テイ
堤,S,4,dike,"テイ,つつみ"
艇,S,2.5,rowboat,テイ
締,S,3,tighten,"テイ,し-まる,し-める"
諦,S,2,abandon,"テイ,あきら-める"
泥,S,2.5,mud,"デイ,どろ"
摘,S,4,pinch,"テキ,つ-む"
滴,S,4,drip,"テキ,しずく,したた-る"
溺,S,2,drown,"デキ,おぼ-れる"
迭,S,2.5,transfer,テツ
哲,S,3,philosophy,テツ
徹,S,2.5,penetrate,テツ
撤,S,2.5,remove,テツ
添,S,4,annexed,"テン,そ-える,そ-う"
塡,S,2,fill in,テン
殿,S,4,Mr.,"デン,テン,との,どの"
斗,S,3,Big Dipper,ト
吐,S,4,spit,"ト,は-く"
妬,S,2,jealousy,"ト,ねた-む"
途,S,4,route,ト
渡,S,4,transit,"ト,わた-る,わた-す"
塗,S,3,paint,"ト,ぬ-る"
賭,S,2,gamble,"ト,か-ける"
奴,S,4,guy,ド
怒,S,4,angry,"ド,いか-る,おこ-る"
到,S,4,arrival,トウ
逃,S,4,escape,"トウ,に-げる,に-がす,のが-す,のが-れる"
倒,S,4,overthrow,"トウ,たお-れる,たお-す"
凍,S,3,frozen,"トウ,こお-る,こご-える"
唐,S,4,T'ang,"トウ,から"
桃,S,4,peach tree,"トウ,もも"
透,S,4,transparent,"トウ,す-く,す-かす,す-ける"
悼,S,2.5,lament,"トウ,いた-む"
盗,S,4,steal,"トウ,ぬす-む"
陶,S,3,pottery,トウ
塔,S,4,pagoda,トウ
搭,S,2.5,board,トウ
棟,S,2.5,ridgepole,"トウ,むね,（むな）"
痘,S,3,pox,トウ
筒,S,2.5,cylinder,"トウ,つつ"
稲,S,4,rice plant,"トウ,いね,（いな）"
踏,S,4,step,"トウ,ふ-む,ふ-まえる"
謄,S,2.5,mimeograph,トウ
藤,S,2,wisteria,"トウ,ふじ"
闘,S,4,fight,"トウ,たたか-う"
騰,S,2.5,inflation,トウ
洞,S,2.5,den,"ドウ,ほら"
胴,S,4,torso,ドウ
瞳,S,2,pupil,"ドウ,ひとみ"
峠,S,4,mountain peak,とうげ
匿,S,3,hide,トク
督,S,2.5,coach,トク
篤,S,3,fervent,トク
栃,S,2,horse chestnut,（とち）
凸,S,2.5,convex,トツ
突,S,4,stab,"トツ,つ-く"
屯,S,2.5,barracks,トン
豚,S,3,pork,"トン,ぶた"
頓,S,2,suddenly,トン
貪,S,2,covet,"ドン,むさぼ-る"
鈍,S,4,dull,"ドン,にぶ-い,にぶ-る"
曇,S,4,cloudy weather,"ドン,くも-る"
丼,S,2,bowl of food,"どんぶり,（どん）"
那,S,2,what,ナ
奈,S,2,what,ナ
梨,S,2,pear tree,なし
謎,S,2,riddle,なぞ
鍋,S,2,pot,なべ
軟,S,2.5,soft,"ナン,やわ-らか,やわ-らかい"
尼,S,2.5,nun,"ニ,あま"
弐,S,4,two (archaic),ニ
匂,S,2,scent,にお-う
虹,S,2,rainbow,にじ
尿,S,3,urine,ニョウ
妊,S,2.5,pregnancy,ニン
忍,S,2.5,endure,"ニン,しの-ぶ,しの-ばせる"
寧,S,2.5,rather,ネイ
捻,S,2,twist,"ネン,ひね-る"
粘,S,3,sticky,"ネン,ねば-る"
悩,S,4,trouble,"ノウ,なや-む,なや-ます"
濃,S,4,concentrated,"ノウ,こ-い"
把,S,2.5,grasp,ハ
覇,S,2.5,hegemony,ハ
婆,S,3,old woman,バ
罵,S,2,insult,"バ,ののし-る"
杯,S,4,counter for cups,"ハイ,さかずき"
排,S,3,repudiate,ハイ
廃,S,2.5,abolish,"ハイ,すた-れる,すた-る"
輩,S,4,comrade,ハイ
培,S,2.5,cultivate,"バイ,つちか-う"
陪,S,3,obeisance,バイ
媒,S,2.5,mediator,バイ
賠,S,2.5,compensation,バイ
伯,S,2.5,chief,ハク
拍,S,4,clap,"ハク,（ヒョウ）"
泊,S,4,overnight,"ハク,と-まる,と-める"
迫,S,4,urge,"ハク,せま-る"
剝,S,2,peel,"ハク,は-がす,は-ぐ,は-がれる,は-げる"
舶,S,2.5,liner,ハク
薄,S,4,dilute,"ハク,うす-い,うす-める,うす-まる,うす-らぐ,うす-れる"
漠,S,2.5,vague,バク
縛,S,3,truss,"バク,しば-る"
爆,S,4,explode,バク
箸,S,2,chopsticks,はし
肌,S,2.5,texture,はだ
鉢,S,2.5,bowl,"ハチ,（ハツ）"
髪,S,4,hair of the head,"ハツ,かみ"
伐,S,3,fell,バツ
抜,S,4,slip out,"バツ,ぬ-く,ぬ-ける,ぬ-かす,ぬ-かる"
罰,S,4,penalty,"バツ,バチ"
閥,S,2.5,clique,バツ
氾,S,2,spread out,ハン
帆,S,3,sail,"ハン,ほ"
汎,S,2,pan-,ハン
伴,S,3,consort,"ハン,バン,ともな-う"
阪,S,2,heights,ハン
畔,S,3,paddy-ridge,ハン
般,S,4,generally,ハン
販,S,4,marketing,ハン
斑,S,2,blemish,ハン
搬,S,4,conveyor,ハン
煩,S,2.5,anxiety,"ハン,（ボン）,わずら-う,わずら-わす"
頒,S,2.5,partition,ハン
範,S,4,pattern,ハン
繁,S,4,luxuriant,ハン
藩,S,3,clan,ハン
蛮,S,3,barbarian,バン
盤,S,4,tray,バン
妃,S,2.5,queen,ヒ
彼,S,4,he,"ヒ,かれ,（かの）"
披,S,2.5,expose,ヒ
卑,S,3,lowly,"ヒ,いや-しい,いや-しむ,いや-しめる"
疲,S,4,exhausted,"ヒ,つか-れる"
被,S,4,"incur,suffer","ヒ,こうむ-る"
扉,S,2.5,front door,"ヒ,とびら"
碑,S,3,tombstone,ヒ
罷,S,2.5,quit,ヒ
避,S,4,evade,"ヒ,さ-ける"
尾,S,4,tail,"ビ,お"
眉,S,2,eyebrow,"ビ,（ミ）,まゆ"
微,S,4,delicate,ビ
膝,S,2,knee,ひざ
肘,S,2,elbow,ひじ
匹,S,4,equal,"ヒツ,ひき"
泌,S,3,ooze,"ヒツ,ヒ"
姫,S,3,princess,ひめ
漂,S,3,drift,"ヒョウ,ただよ-う"
苗,S,3,seedling,"ビョウ,なえ,（なわ）"
描,S,4,sketch,"ビョウ,えが-く,か-く"
猫,S,2.5,cat,"ビョウ,ねこ"
浜,S,4,seacoast,"ヒン,はま"
賓,S,2.5,V.I.P.,ヒン
頻,S,2.5,repeatedly,ヒン
敏,S,4,cleverness,ビン
瓶,S,2.5,flower pot,ビン
扶,S,2.5,aid,フ
怖,S,4,dreadful,"フ,こわ-い"
阜,S,2,mound,（フ）
附,S,2.5,affixed,フ
訃,S,2,obituary,フ
赴,S,3,proceed,"フ,おもむ-く"
浮,S,4,floating,"フ,う-く,う-かれる,う-かぶ,う-かべる"
符,S,3,token,フ
普,S,4,universal,フ
腐,S,4,rot,"フ,くさ-る,くさ-れる,くさ-らす"
敷,S,4,spread,"フ,し-く"
膚,S,4,skin,フ
賦,S,4,levy,フ
譜,S,2.5,musical score,フ
侮,S,2.5,scorn,"ブ,あなど-る"
舞,S,4,dance,"ブ,ま-う,まい"
封,S,3,seal,"フウ,ホウ"
伏,S,3,prostrated,"フク,ふ-せる,ふ-す"
幅,S,4,breadth,"フク,はば"
覆,S,3,capsize,"フク,おお-う,くつがえ-す,くつがえ-る"
払,S,4,pay,"フツ,はら-う"
沸,S,2.5,seethe,"フツ,わ-く,わ-かす"
紛,S,3,distract,"フン,まぎ-れる,まぎ-らす,まぎ-らわす,まぎ-らわしい"
雰,S,2.5,atmosphere,フン
噴,S,4,erupt,"フン,ふ-く"
墳,S,3,tomb,フン
憤,S,2.5,aroused,"フン,いきどお-る"
丙,S,2.5,third class,ヘイ
併,S,2.5,join,"ヘイ,あわ-せる"
柄,S,4,design,"ヘイ,がら,え"
塀,S,2.5,fence,ヘイ
幣,S,2.5,cash,ヘイ
弊,S,2.5,abuse,ヘイ
蔽,S,2,cover,ヘイ
餅,S,2,mochi rice cake,"ヘイ,もち"
壁,S,4,wall,"ヘキ,かべ"
璧,S,2,sphere,ヘキ
癖,S,3,mannerism,"ヘキ,くせ"
蔑,S,2,ignore,"ベツ,さげす-む"
偏,S,2.5,partial,"ヘン,かたよ-る"
遍,S,2.5,everywhere,ヘン
哺,S,2,suckle,ホ
捕,S,4,catch,"ホ,と-らえる,と-らわれる,と-る,つか-まえる,つか-まる"
舗,S,4,pavement,ホ
募,S,3,recruit,"ボ,つの-る"
慕,S,3,pining,"ボ,した-う"
簿,S,3,register,ボ
芳,S,3,perfume,"ホウ,かんば-しい"
邦,S,3,home country,ホウ
奉,S,3,observance,"ホウ,（ブ）,たてまつ-る"
抱,S,4,embrace,"ホウ,だ-く,いだ-く,かか-える"
泡,S,2.5,bubbles,"ホウ,あわ"
胞,S,3,placenta,ホウ
俸,S,2.5,salary,ホウ
倣,S,3,emulate,"ホウ,なら-う"
峰,S,4,summit,"ホウ,みね"
砲,S,4,cannon,ホウ
崩,S,3,crumble,"ホウ,くず-れる,くず-す"
蜂,S,2,bee,"ホウ,はち"
飽,S,3,sated,"ホウ,あ-きる,あ-かす"
褒,S,2.5,praise,"ホウ,ほ-める"
縫,S,3,sew,"ホウ,ぬ-う"
乏,S,3,scarce,"ボウ,とぼ-しい"
忙,S,4,busy,"ボウ,いそが-しい"
坊,S,4,boy,"ボウ,（ボッ）"
妨,S,3,disturb,"ボウ,さまた-げる"
房,S,3,tassel,"ボウ,ふさ"
肪,S,4,obese,ボウ
某,S,3,so-and-so,ボウ
冒,S,4,risk,"ボウ,おか-す"
剖,S,2.5,divide,ボウ
紡,S,2.5,spinning,"ボウ,つむ-ぐ"
傍,S,4,bystander,"ボウ,かたわ-ら"
帽,S,4,cap,ボウ
貌,S,2,appearance,ボウ
膨,S,3,swell,"ボウ,ふく-らむ,ふく-れる"
謀,S,3,conspire,"ボウ,（ム）,はか-る"
頰,S,2,cheek,ほお
朴,S,2.5,crude,ボク
睦,S,2,harmonious,ボク
僕,S,2.5,me,ボク
墨,S,3,black ink,"ボク,すみ"
撲,S,2.5,slap,ボク
没,S,3,drown,ボツ
勃,S,2,rise,ボツ
堀,S,2.5,ditch,ほり
奔,S,2.5,bustle,ホン
翻,S,3,flip,"ホン,ひるがえ-る,ひるがえ-す"
凡,S,4,mediocre,"ボン,（ハン）"
盆,S,4,basin,ボン
麻,S,2.5,hemp,"マ,あさ"
摩,S,2.5,chafe,マ
磨,S,2.5,grind,"マ,みが-く"
魔,S,3,witch,マ
昧,S,2,foolish,マイ
埋,S,3,bury,"マイ,う-める,う-まる,う-もれる"
膜,S,3,membrane,マク
枕,S,2,pillow,まくら
又,S,3,or again,また
抹,S,2.5,rub,マツ
慢,S,4,ridicule,マン
漫,S,4,cartoon,マン
魅,S,3,fascination,ミ
岬,S,2.5,headland,みさき
蜜,S,2,honey,ミツ
妙,S,4,exquisite,ミョウ
眠,S,4,sleep,"ミン,ねむ-る,ねむ-い"
矛,S,4,halberd,"ム,ほこ"
霧,S,4,fog,"ム,きり"
娘,S,4,daughter,むすめ
冥,S,2,dark,"メイ,ミョウ"
銘,S,2.5,inscription,メイ
滅,S,3,destroy,"メツ,ほろ-びる,ほろ-ぼす"
免,S,3,excuse,"メン,まぬか-れる"
麺,S,2,noodles,メン
茂,S,4,overgrown,"モ,しげ-る"
妄,S,2.5,delusion,"モウ,ボウ"
盲,S,2.5,blind,モウ
耗,S,2.5,decrease,"モウ,（コウ）"
猛,S,4,fierce,モウ
網,S,4,netting,"モウ,あみ"
黙,S,4,silence,"モク,だま-る"
紋,S,4,family crest,モン
冶,S,2,melting,ヤ
弥,S,2,all the more,や
厄,S,2.5,unlucky,ヤク
躍,S,4,leap,"ヤク,おど-る"
闇,S,2,darkness,やみ
喩,S,2,metaphor,ユ
愉,S,2.5,pleasure,ユ
諭,S,2.5,rebuke,"ユ,さと-す"
癒,S,2.5,healing,"ユ,い-える,い-やす"
唯,S,2.5,solely,"ユイ,（イ）"
幽,S,3,seclude,ユウ
悠,S,2.5,permanence,ユウ
湧,S,2,boil,"ユウ,わ-く"
猶,S,2.5,furthermore,ユウ
裕,S,2.5,abundant,ユウ
雄,S,4,male,"ユウ,お,おす"
誘,S,3,entice,"ユウ,さそ-う"
憂,S,3,melancholy,"ユウ,うれ-える,うれ-い,う-い"
融,S,2.5,dissolve,ユウ
与,S,4,give,"ヨ,あた-える"
誉,S,4,reputation,"ヨ,ほま-れ"
妖,S,2,bewitching,"ヨウ,あや-しい"
庸,S,2.5,commonplace,ヨウ
揚,S,3,hoist,"ヨウ,あ-げる,あ-がる"
揺,S,3,swing,"ヨウ,ゆ-れる,ゆ-る,ゆ-らぐ,ゆ-るぐ,ゆ-する,ゆ-さぶる,ゆ-すぶる"
溶,S,4,melt,"ヨウ,と-ける,と-かす,と-く"
腰,S,4,loins,"ヨウ,こし"
瘍,S,2,boil (medical),ヨウ
踊,S,4,jump,"ヨウ,おど-る,おど-り"
窯,S,2.5,kiln,"ヨウ,かま"
擁,S,3,embrace,ヨウ
謡,S,4,noh chanting,"ヨウ,うたい,うた-う"
抑,S,3,repress,"ヨク,おさ-える"
沃,S,2,fertility,ヨク
翼,S,4,wing,"ヨク,つばさ"
拉,S,2,crush,ラ
裸,S,3,naked,"ラ,はだか"
羅,S,2.5,gauze,ラ
雷,S,4,thunder,"ライ,かみなり"
頼,S,4,trust,"ライ,たの-む,たの-もしい,たよ-る"
絡,S,4,entwine,"ラク,から-む,から-まる,から-める"
酪,S,2.5,dairy products,ラク
辣,S,2,bitter,ラツ
濫,S,3,excessive,ラン
藍,S,2,indigo,"ラン,あい"
欄,S,4,column,ラン
吏,S,3,officer,リ
痢,S,2.5,diarrhea,リ
履,S,2.5,footgear,"リ,は-く"
璃,S,2,glassy,リ
離,S,4,detach,"リ,はな-れる,はな-す"
慄,S,2,fear,リツ
柳,S,2.5,willow,"リュウ,やなぎ"
竜,S,2.5,dragon,"リュウ,たつ"
粒,S,4,grains,"リュウ,つぶ"
隆,S,3,"heighten,plenty",リュウ
硫,S,2.5,sulphur,リュウ
侶,S,2,companion,リョ
虜,S,2.5,captive,リョ
慮,S,4,prudence,リョ
了,S,3,finish,リョウ
涼,S,2.5,refreshing,"リョウ,すず-しい,すず-む"
猟,S,3,game-hunting,リョウ
陵,S,3,mausoleum,"リョウ,みささぎ"
僚,S,2.5,colleague,リョウ
寮,S,2.5,dormitory,リョウ
療,S,4,heal,リョウ
瞭,S,2,clear,リョウ
糧,S,3,provisions,"リョウ,（ロウ）,かて"
厘,S,3,thousandth,リン
倫,S,2.5,ethics,リン
隣,S,4,neighboring,"リン,とな-る,となり"
瑠,S,2,lapis lazuli,ル
涙,S,4,tears,"ルイ,なみだ"
累,S,2.5,accumulate,ルイ
塁,S,2.5,bases,ルイ
励,S,3,encourage,"レイ,はげ-む,はげ-ます"
戻,S,2.5,re-,"レイ,もど-す,もど-る"
鈴,S,2.5,small bell,"レイ,リン,すず"
零,S,3,zero,レイ
霊,S,3,spirits,"レイ,リョウ,たま"
隷,S,4,slave,レイ
齢,S,4,age,レイ
麗,S,4,lovely,"レイ,うるわ-しい"
暦,S,4,calendar,"レキ,こよみ"
劣,S,4,inferiority,"レツ,おと-る"
烈,S,4,ardent,レツ
裂,S,3,split,"レツ,さ-く,さ-ける"
恋,S,4,romance,"レン,こ-う,こい,こい-しい"
廉,S,3,bargain,レン
錬,S,3,tempering,レン
呂,S,2,spine,ロ
炉,S,3,hearth,ロ
賂,S,2,bribe,ロ
露,S,4,dew,"ロ,（ロウ）,つゆ"
弄,S,2,tamper with,"ロウ,もてあそ-ぶ"
郎,S,4,son,ロウ
浪,S,3,wandering,ロウ
廊,S,3,corridor,ロウ
楼,S,3,watchtower,ロウ
漏,S,3,leak,"ロウ,も-る,も-れる,も-らす"
籠,S,2,basket,"ロウ,かご,こ-もる"
麓,S,2,foot of a mountain,"ロク,ふもと"
賄,S,2.5,bribe,"ワイ,まかな-う"
脇,S,2,aside,わき
惑,S,4,beguile,"ワク,まど-う"
枠,S,2.5,frame,わく
湾,S,3,gulf,ワン
腕,S,4,arm,"ワン,うで"
愛,4,7,love,アイ
案,4,7,plan,アン
以,4,7,by means of,イ
衣,4,7,clothes,"イ,ころも"
位,4,7,rank,"イ,くらい"
囲,4,7,surround,"イ,かこ-む,かこ-う"
胃,4,7,stomach,イ
印,4,7,mark,"イン,しるし"
英,4,7,England,エイ
栄,4,7,prosperity,"エイ,さか-える,は-え,は-える"
塩,4,7,salt,"エン,しお"
億,4,7,hundred million,オク
加,4,7,add,"カ,くわ-える,くわ-わる"
果,4,7,fruit,"カ,は-たす,は-てる,は-て"
貨,4,7,freight,カ
課,4,7,"section,lesson",カ
芽,4,7,bud,"ガ,め"
改,4,7,reformation,"カイ,あらた-める,あらた-まる"
械,4,7,contraption,カイ
害,4,7,harm,ガイ
街,4,7,street,"ガイ,（カイ）,まち"
各,4,7,each,"カク,おのおの"
覚,4,7,memorize,"カク,おぼ-える,さ-ます,さ-める"
完,4,7,perfect,カン
官,4,7,government official,カン
管,4,7,pipe,"カン,くだ"
関,4,7,related,"カン,せき,かか-わる"
観,4,7,observe,カン
願,4,7,request,"ガン,ねが-う"
希,4,7,hope,キ
季,4,7,seasons,キ
紀,4,7,chronicle,キ
喜,4,7,rejoice,"キ,よろこ-ぶ"
旗,4,7,national flag,"キ,はた"
器,4,7,container,"キ,うつわ"
機,4,7,machine,"キ,はた"
議,4,7,deliberation,ギ
求,4,7,request,"キュウ,もと-める"
泣,4,7,cry,"キュウ,な-く"
救,4,7,salvation,"キュウ,すく-う"
給,4,7,salary,キュウ
挙,4,7,raise,"キョ,あ-げる,あ-がる"
漁,4,7,fishing,"ギョ,リョウ"
共,4,7,together,"キョウ,とも"
協,4,7,cooperation,キョウ
鏡,4,7,mirror,"キョウ,かがみ"
競,4,7,compete,"キョウ,ケイ,きそ-う,せ-る"
極,4,7,poles,"キョク,ゴク,きわ-める,きわ-まる,きわ-み"
訓,4,7,instruction,クン
軍,4,7,army,グン
郡,4,7,county,グン
径,4,7,diameter,ケイ
型,4,7,model,"ケイ,かた"
景,4,7,scenery,ケイ
芸,4,7,art,ゲイ
欠,4,7,lack,"ケツ,か-ける,か-く"
結,4,7,tie,"ケツ,むす-ぶ,ゆ-う,ゆ-わえる"
建,4,7,build,"ケン,（コン）,た-てる,た-つ"
健,4,7,healthy,"ケン,すこ-やか"
験,4,7,"test,exam","ケン,（ゲン）"
固,4,7,hard,"コ,かた-める,かた-まる,かた-い"
功,4,7,achievement,"コウ,（ク）"
好,4,7,like,"コウ,この-む,す-く"
候,4,7,climate,"コウ,そうろう"
航,4,7,cruise,コウ
康,4,7,health,コウ
告,4,7,tell,"コク,つ-げる"
差,4,7,distinction,"サ,さ-す"
菜,4,7,vegetable,"サイ,な"
最,4,7,most,"サイ,もっと-も"
材,4,7,lumber,ザイ
昨,4,7,previous,サク
札,4,7,tag,"サツ,ふだ"
刷,4,7,printing,"サツ,す-る"
殺,4,7,kill,"サツ,（サイ）,（セツ）,ころ-す"
察,4,7,guess,サツ
参,4,7,participate,"サン,まい-る"
産,4,7,give birth,"サン,う-む,う-まれる,うぶ"
散,4,7,scatter,"サン,ち-る,ち-らす,ち-らかす,ち-らかる"
残,4,7,remainder,"ザン,のこ-る,のこ-す"
士,4,7,gentleman,シ
氏,4,7,family name,"シ,うじ"
史,4,7,history,シ
司,4,7,director,シ
試,4,7,test,"シ,こころ-みる,ため-す"
児,4,7,child,"ジ,（ニ）"
治,4,7,govern,"ジ,チ,おさ-める,おさ-まる,なお-る,なお-す"
辞,4,7,resign,"ジ,や-める"
失,4,7,lose,"シツ,うしな-う"
借,4,7,borrow,"シャク,か-りる"
種,4,7,kind,"シュ,たね"
周,4,7,circumference,"シュウ,まわ-り"
祝,4,7,celebrate,"シュク,（シュウ）,いわ-う"
順,4,7,obey,ジュン
初,4,7,first,"ショ,はじ-め,はじ-めて,はつ,うい,そ-める"
松,4,7,pine,"ショウ,まつ"
笑,4,7,laugh,"ショウ,わら-う,え-む"
唱,4,7,chant,"ショウ,とな-える"
焼,4,7,bake,"ショウ,や-く,や-ける"
象,4,7,elephant,"ショウ,ゾウ"
照,4,7,illuminate,"ショウ,て-る,て-らす,て-れる"
賞,4,7,prize,ショウ
臣,4,7,retainer,"シン,ジン"
信,4,7,trust,シン
成,4,7,become,"セイ,（ジョウ）,な-る,な-す"
省,4,7,government ministry,"セイ,ショウ,かえり-みる,はぶ-く"
清,4,7,pure,"セイ,（ショウ）,きよ-い,きよ-まる,きよ-める"
静,4,7,quiet,"セイ,（ジョウ）,しず,しず-か,しず-まる,しず-める"
席,4,7,seat,セキ
積,4,7,accumulate,"セキ,つ-む,つ-もる"
折,4,7,fold,"セツ,お-る,おり,お-れる"
節,4,7,node,"セツ,（セチ）,ふし"
説,4,7,theory,"セツ,（ゼイ）,と-く"
浅,4,7,shallow,"セン,あさ-い"
戦,4,7,war,"セン,いくさ,たたか-う"
選,4,7,choose,"セン,えら-ぶ"
然,4,7,so,"ゼン,ネン"
争,4,7,conflict,"ソウ,あらそ-う"
倉,4,7,warehouse,"ソウ,くら"
巣,4,7,nest,"ソウ,す"
束,4,7,bundle,"ソク,たば"
側,4,7,side,"ソク,がわ"
続,4,7,continue,"ゾク,つづ-く,つづ-ける"
卒,4,7,graduate,ソツ
孫,4,7,grandchild,"ソン,まご"
帯,4,7,sash,"タイ,お-びる,おび"
隊,4,7,group,タイ
達,4,7,attain,タツ
単,4,7,simple,タン
置,4,7,put,"チ,お-く"
仲,4,7,relationship,"チュウ,なか"
貯,4,7,savings,チョ
兆,4,7,"portent, trillion","チョウ,きざ-す,きざ-し"
腸,4,7,intestines,チョウ
低,4,7,low,"テイ,ひく-い,ひく-める,ひく-まる"
底,4,7,bottom,"テイ,そこ"
停,4,7,halt,テイ
的,4,7,target,"テキ,まと"
典,4,7,code,テン
伝,4,7,transmit,"デン,つた-わる,つた-える,つた-う"
徒,4,7,junior,ト
努,4,7,toil,"ド,つと-める"
灯,4,7,lamp,"トウ,ひ"
堂,4,7,public chamber,ドウ
働,4,7,work,"ドウ,はたら-く"
特,4,7,special,トク
得,4,7,acquire,"トク,え-る,う-る"
毒,4,7,poison,ドク
熱,4,7,heat,"ネツ,あつ-い"
念,4,7,thought,ネン
敗,4,7,failure,"ハイ,やぶ-れる"
梅,4,7,ume (Japanese apricot),"バイ,うめ"
博,4,7,Dr.,"ハク,（バク）"
飯,4,7,meal,"ハン,めし"
飛,4,7,fly,"ヒ,と-ぶ,と-ばす"
費,4,7,expense,"ヒ,つい-やす,つい-える"
必,4,7,without fail,"ヒツ,かなら-ず"
票,4,7,ballot,ヒョウ
標,4,7,signpost,ヒョウ
不,4,7,non-,"フ,ブ"
夫,4,7,husband,"フ,（フウ）,おっと"
付,4,7,attach,"フ,つ-ける,つ-く"
府,4,7,urban prefecture,フ
副,4,7,vice,フク
粉,4,7,flour,"フン,こ,こな"
兵,4,7,soldier,"ヘイ,ヒョウ"
別,4,7,separate,"ベツ,わか-れる"
辺,4,7,environs,"ヘン,あた-り,べ"
変,4,7,change,"ヘン,か-わる,か-える"
便,4,7,convenience,"ベン,ビン,たよ-り"
包,4,7,wrap,"ホウ,つつ-む"
法,4,7,method,"ホウ,（ハッ）,（ホッ）"
望,4,7,hope,"ボウ,モウ,のぞ-む"
牧,4,7,breed,"ボク,まき"
末,4,7,end,"マツ,バツ,すえ"
満,4,7,full,"マン,み-ちる,み-たす"
未,4,7,not yet,ミ
脈,4,7,vein,ミャク
民,4,7,people,"ミン,たみ"
無,4,7,nothing,"ム,ブ,な-い"
約,4,7,promise,ヤク
勇,4,7,courage,"ユウ,いさ-む"
要,4,7,need,"ヨウ,かなめ,い-る"
養,4,7,foster,"ヨウ,やしな-う"
浴,4,7,bathe,"ヨク,あ-びる,あ-びせる"
利,4,7,profit,"リ,き-く"
陸,4,7,land,リク
良,4,7,good,"リョウ,よ-い"
料,4,7,fee,リョウ
量,4,7,quantity,"リョウ,はか-る"
輪,4,7,wheel,"リン,わ"
類,4,7,sort,"ルイ,たぐ-い"
令,4,7,orders,レイ
冷,4,7,cool,"レイ,つめ-たい,ひ-える,ひ-や,ひ-やす,ひ-やかす,さ-める,さ-ます"
例,4,7,example,"レイ,たと-える"
歴,4,7,curriculum,レキ
連,4,7,take along,"レン,つら-なる,つら-ねる,つ-れる"
老,4,7,old man,"ロウ,お-いる,ふ-ける"
労,4,7,labour,ロウ
録,4,7,record,ロク
悪,3,8,bad,"アク,オ,わる-い"
安,3,8,cheap,"アン,やす-い"
暗,3,8,dark,"アン,くら-い"
医,3,8,medicine,イ
委,3,8,committee,"イ,ゆだ-ねる"
意,3,8,idea,イ
育,3,8,nurture,"イク,そだ-つ,そだ-てる,はぐく-む"
員,3,8,member,イン
院,3,8,institution,イン
飲,3,8,drink,"イン,の-む"
運,3,8,carry,"ウン,はこ-ぶ"
泳,3,8,swim,"エイ,およ-ぐ"
駅,3,8,station,エキ
央,3,8,center,オウ
横,3,8,side,"オウ,よこ"
屋,3,8,roof,"オク,や"
温,3,8,warm,"オン,あたた-か,あたた-かい,あたた-まる,あたた-める"
化,3,8,change,"カ,ケ,ば-ける,ば-かす"
荷,3,8,luggage,"カ,に"
界,3,8,world,カイ
開,3,8,open,"カイ,ひら-く,ひら-ける,あ-く,あ-ける"
階,3,8,floor of a building,カイ
寒,3,8,cold,"カン,さむ-い"
感,3,8,feeling,カン
漢,3,8,China,カン
館,3,8,public building,"カン,やかた"
岸,3,8,beach,"ガン,きし"
起,3,8,wake up,"キ,お-きる,お-こる,お-こす"
期,3,8,period of time,"キ,（ゴ）"
客,3,8,guest,"キャク,カク"
究,3,8,research,"キュウ,きわ-める"
急,3,8,hurry,"キュウ,いそ-ぐ"
級,3,8,rank,キュウ
宮,3,8,Shinto shrine,"キュウ,グウ,（ク）,みや"
球,3,8,sphere,"キュウ,たま"
去,3,8,leave,"キョ,コ,さ-る"
橋,3,8,bridge,"キョウ,はし"
業,3,8,business,"ギョウ,ゴウ,わざ"
曲,3,8,musical composition,"キョク,ま-がる,ま-げる"
局,3,8,office,キョク
銀,3,8,silver,ギン
区,3,8,ward,ク
苦,3,8,suffer,"ク,くる-しい,くる-しむ,くる-しめる,にが-い,にが-る"
具,3,8,tool,グ
君,3,8,you,"クン,きみ"
係,3,8,person in charge,"ケイ,かか-る,かかり"
軽,3,8,light,"ケイ,かる-い,かろ-やか"
血,3,8,blood,"ケツ,ち"
決,3,8,decide,"ケツ,き-める,き-まる"
研,3,8,sharpen,"ケン,と-ぐ"
県,3,8,prefecture,ケン
庫,3,8,warehouse,"コ,（ク）"
湖,3,8,lake,"コ,みずうみ"
向,3,8,over there,"コウ,む-く,む-ける,む-かう,む-こう"
幸,3,8,happiness,"コウ,さいわ-い,さち,しあわ-せ"
港,3,8,harbor,"コウ,みなと"
号,3,8,number,ゴウ
根,3,8,root,"コン,ね"
祭,3,8,festival,"サイ,まつ-る,まつ-り"
皿,3,8,dish,さら
仕,3,8,do,"シ,（ジ）,つか-える"
死,3,8,death,"シ,し-ぬ"
使,3,8,use,"シ,つか-う"
始,3,8,begin,"シ,はじ-める,はじ-まる"
指,3,8,finger,"シ,ゆび,さ-す"
歯,3,8,tooth,"シ,は"
詩,3,8,"poem,lyrics",シ
次,3,8,next,"ジ,シ,つ-ぐ,つぎ"
事,3,8,abstract thing,"ジ,（ズ）,こと"
持,3,8,hold,"ジ,も-つ"
式,3,8,style,シキ
実,3,8,truth,"ジツ,み,みの-る"
写,3,8,copy,"シャ,うつ-す,うつ-る"
者,3,8,someone,"シャ,もの"
主,3,8,master,"シュ,（ス）,ぬし,おも"
守,3,8,protect,"シュ,（ス）,まも-る,も-り"
取,3,8,take,"シュ,と-る"
酒,3,8,alcoholic drink,"シュ,さけ,（さか）"
受,3,8,accept,"ジュ,う-ける,う-かる"
州,3,8,state,"シュウ,す"
拾,3,8,pick up,"シュウ,ジュウ,ひろ-う"
終,3,8,end,"シュウ,お-わる,お-える"
習,3,8,learn,"シュウ,なら-う"
集,3,8,collect,"シュウ,あつ-まる,あつ-める,つど-う"
住,3,8,dwelling,"ジュウ,す-む,す-まう"
重,3,8,heavy,"ジュウ,チョウ,え,おも-い,かさ-ねる,かさ-なる"
宿,3,8,inn,"シュク,やど,やど-る,やど-す"
所,3,8,place,"ショ,ところ"
暑,3,8,hot,"ショ,あつ-い"
助,3,8,help,"ジョ,たす-ける,たす-かる,すけ"
昭,3,8,shining,ショウ
消,3,8,extinguish,"ショウ,き-える,け-す"
商,3,8,sell,"ショウ,あきな-う"
章,3,8,chapter,ショウ
勝,3,8,win,"ショウ,か-つ,まさ-る"
乗,3,8,ride,"ジョウ,の-る,の-せる"
植,3,8,plant,"ショク,う-える,う-わる"
申,3,8,say,"シン,もう-す"
身,3,8,body,"シン,み"
神,3,8,god,"シン,ジン,かみ,（かん）,（こう）"
真,3,8,TRUE,"シン,ま"
深,3,8,deep,"シン,ふか-い,ふか-まる,ふか-める"
進,3,8,advance,"シン,すす-む,すす-める"
世,3,8,world,"セイ,セ,よ"
整,3,8,put in order,"セイ,ととの-える,ととの-う"
昔,3,8,long ago,"セキ,（シャク）,むかし"
全,3,8,whole,"ゼン,まった-く,すべ-て"
相,3,8,mutual,"ソウ,ショウ,あい"
送,3,8,send,"ソウ,おく-る"
想,3,8,concept,"ソウ,（ソ）"
息,3,8,breath,"ソク,いき"
速,3,8,fast,"ソク,はや-い,はや-める,はや-まる,すみ-やか"
族,3,8,tribe,ゾク
他,3,8,other,"タ,ほか"
打,3,8,hit,"ダ,う-つ"
対,3,8,opposite,"タイ,ツイ"
待,3,8,wait,"タイ,ま-つ"
代,3,8,substitute,"ダイ,タイ,か-わる,か-える,よ,しろ"
第,3,8,ordinal number prefix,ダイ
題,3,8,topic,ダイ
炭,3,8,charcoal,"タン,すみ"
短,3,8,short,"タン,みじか-い"
談,3,8,discuss,ダン
着,3,8,wear,"チャク,（ジャク）,き-る,き-せる,つ-く,つ-ける"
注,3,8,pour,"チュウ,そそ-ぐ"
柱,3,8,pillar,"チュウ,はしら"
丁,3,8,ward,"チョウ,テイ"
帳,3,8,account book,チョウ
調,3,8,investigate,"チョウ,しら-べる,ととの-う,ととの-える"
追,3,8,follow,"ツイ,お-う"
定,3,8,decide,"テイ,ジョウ,さだ-める,さだ-まる,さだ-か"
庭,3,8,garden,"テイ,にわ"
笛,3,8,flute,"テキ,ふえ"
鉄,3,8,iron,テツ
転,3,8,revolve,"テン,ころ-がる,ころ-げる,ころ-がす,ころ-ぶ"
都,3,8,metropolis,"ト,ツ,みやこ"
度,3,8,degrees,"ド,（ト）,（タク）,たび"
投,3,8,throw,"トウ,な-げる"
豆,3,8,beans,"トウ,（ズ）,まめ"
島,3,8,island,"トウ,しま"
湯,3,8,hot water,"トウ,ゆ"
登,3,8,climb,"トウ,ト,のぼ-る"
等,3,8,class,"トウ,ひと-しい"
動,3,8,move,"ドウ,うご-く,うご-かす"
童,3,8,juvenile,"ドウ,わらべ"
農,3,8,farming,ノウ
波,3,8,wave,"ハ,なみ"
配,3,8,distribute,"ハイ,くば-る"
倍,3,8,double,バイ
箱,3,8,box,はこ
畑,3,8,farm,"はた,はたけ"
発,3,8,departure,"ハツ,ホツ"
反,3,8,anti-,"ハン,（ホン）,（タン）,そ-る,そ-らす"
坂,3,8,slope,"ハン,さか"
板,3,8,board,"ハン,バン,いた"
皮,3,8,skin,"ヒ,かわ"
悲,3,8,sad,"ヒ,かな-しい,かな-しむ"
美,3,8,beauty,"ビ,うつく-しい"
鼻,3,8,nose,"ビ,はな"
筆,3,8,writing brush,"ヒツ,ふで"
氷,3,8,ice,"ヒョウ,こおり,ひ"
表,3,8,express,"ヒョウ,おもて,あらわ-す,あらわ-れる"
秒,3,8,second (part of time),ビョウ
病,3,8,sick,"ビョウ,（ヘイ）,や-む,やまい"
品,3,8,article,"ヒン,しな"
負,3,8,lose,"フ,ま-ける,ま-かす,お-う"
部,3,8,part,ブ
服,3,8,clothes,フク
福,3,8,luck,フク
物,3,8,thing,"ブツ,モツ,もの"
平,3,8,flat,"ヘイ,ビョウ,たい-ら,ひら"
返,3,8,return,"ヘン,かえ-す,かえ-る"
勉,3,8,exertion,ベン
放,3,8,release,"ホウ,はな-す,はな-つ,はな-れる,ほう-る"
味,3,8,flavor,"ミ,あじ,あじ-わう"
命,3,8,fate,"メイ,ミョウ,いのち"
面,3,8,face,"メン,おも,おもて,つら"
問,3,8,question,"モン,と-う,と-い,（とん）"
役,3,8,service,"ヤク,エキ"
薬,3,8,medicine,"ヤク,くすり"
由,3,8,reason,"ユ,ユウ,（ユイ）,よし"
油,3,8,oil,"ユ,あぶら"
有,3,8,have,"ユウ,ウ,あ-る"
遊,3,8,play,"ユウ,（ユ）,あそ-ぶ"
予,3,8,in advance,ヨ
羊,3,8,sheep,"ヨウ,ひつじ"
洋,3,8,ocean,ヨウ
葉,3,8,leaf,"ヨウ,は"
陽,3,8,sunshine,ヨウ
様,3,8,formal title,"ヨウ,さま"
落,3,8,fall,"ラク,お-ちる,お-とす"
流,3,8,stream,"リュウ,（ル）,なが-れる,なが-す"
旅,3,8,trip,"リョ,たび"
両,3,8,both,リョウ
緑,3,8,green,"リョク,（ロク）,みどり"
礼,3,8,thanks,"レイ,ライ"
列,3,8,row,レツ
練,3,8,practice,"レン,ね-る"
路,3,8,road,"ロ,じ"
和,3,8,peace,"ワ,（オ）,やわ-らぐ,やわ-らげる,なご-む,なご-やか"
圧,5,6,pressure,アツ
移,5,6,shift,"イ,うつ-る,うつ-す"
因,5,6,cause,"イン,よ-る"
永,5,6,eternity,"エイ,なが-い"
営,5,6,manage,"エイ,いとな-む"
衛,5,6,defense,エイ
易,5,6,easy,"エキ,イ,やさ-しい"
益,5,6,benefit,"エキ,（ヤク）"
液,5,6,fluid,エキ
演,5,6,perform,エン
応,5,6,respond,"オウ,こた-える"
往,5,6,outward journey,オウ
桜,5,6,cherry tree,"オウ,さくら"
恩,5,6,grace,オン
可,5,6,possible,カ
仮,5,6,temporary,"カ,（ケ）,かり"
価,5,6,value,"カ,あたい"
河,5,6,river,"カ,かわ"
過,5,6,go beyond,"カ,す-ぎる,す-ごす,あやま-つ,あやま-ち"
賀,5,6,congratulations,ガ
快,5,6,cheerful,"カイ,こころよ-い"
解,5,6,untie,"カイ,ゲ,と-く,と-かす,と-ける"
格,5,6,status,"カク,（コウ）"
確,5,6,certain,"カク,たし-か,たし-かめる"
額,5,6,amount,"ガク,ひたい"
刊,5,6,publish,カン
幹,5,6,tree-trunk,"カン,みき"
慣,5,6,accustomed,"カン,な-れる,な-らす"
眼,5,6,eyeball,"ガン,（ゲン）,まなこ"
基,5,6,foundation,"キ,もと,もとい"
寄,5,6,approach,"キ,よ-る,よ-せる"
規,5,6,rule,キ
技,5,6,skill,"ギ,わざ"
義,5,6,righteousness,ギ
逆,5,6,inverted,"ギャク,さか,さか-らう"
久,5,6,long time,"キュウ,（ク）,ひさ-しい"
旧,5,6,old times,キュウ
居,5,6,reside,"キョ,い-る"
許,5,6,permit,"キョ,ゆる-す"
境,5,6,boundary,"キョウ,（ケイ）,さかい"
均,5,6,level,キン
禁,5,6,prohibition,キン
句,5,6,phrase,ク
群,5,6,flock,"グン,む-れる,む-れ,（むら）"
経,5,6,manage,"ケイ,キョウ,へ-る"
潔,5,6,undefiled,"ケツ,いさぎよ-い"
件,5,6,affair,ケン
券,5,6,ticket,ケン
険,5,6,precipitous,"ケン,けわ-しい"
検,5,6,"examine,inspect",ケン
限,5,6,limit,"ゲン,かぎ-る"
現,5,6,appear,"ゲン,あらわ-れる,あらわ-す"
減,5,6,decrease,"ゲン,へ-る,へ-らす"
故,5,6,circumstances,"コ,ゆえ"
個,5,6,individual,コ
護,5,6,safeguard,ゴ
効,5,6,effect,"コウ,き-く"
厚,5,6,thick,"コウ,あつ-い"
耕,5,6,till,"コウ,たがや-す"
鉱,5,6,mineral,コウ
構,5,6,construct,"コウ,かま-える,かま-う"
興,5,6,entertain,"コウ,キョウ,おこ-る,おこ-す"
講,5,6,lecture,コウ
混,5,6,mix,"コン,ま-じる,ま-ざる,ま-ぜる,こ-む"
査,5,6,investigate,サ
再,5,6,again,"サイ,（サ）,ふたた-び"
災,5,6,disaster,"サイ,わざわ-い"
妻,5,6,wife,"サイ,つま"
採,5,6,pick,"サイ,と-る"
際,5,6,occasion,"サイ,きわ"
在,5,6,exist,"ザイ,あ-る"
財,5,6,wealth,"ザイ,（サイ）"
罪,5,6,guilt,"ザイ,つみ"
雑,5,6,miscellaneous,"ザツ,ゾウ"
酸,5,6,acid,"サン,す-い"
賛,5,6,approve,サン
支,5,6,branch,"シ,ささ-える"
志,5,6,intention,"シ,こころざ-す,こころざし"
枝,5,6,branch,"シ,えだ"
師,5,6,expert,シ
資,5,6,resources,シ
飼,5,6,domesticate,"シ,か-う"
示,5,6,indicate,"ジ,シ,しめ-す"
似,5,6,becoming,"ジ,に-る"
識,5,6,discriminating,シキ
質,5,6,quality,"シツ,シチ,（チ）"
舎,5,6,cottage,シャ
謝,5,6,apologize,"シャ,あやま-る"
授,5,6,instruct,"ジュ,さず-ける,さず-かる"
修,5,6,discipline,"シュウ,（シュ）,おさ-める,おさ-まる"
述,5,6,mention,"ジュツ,の-べる"
術,5,6,art,ジュツ
準,5,6,standard,ジュン
序,5,6,preface,ジョ
招,5,6,beckon,"ショウ,まね-く"
承,5,6,acquiesce,"ショウ,うけたまわ-る"
証,5,6,evidence,ショウ
条,5,6,clause,ジョウ
状,5,6,form,ジョウ
常,5,6,normal,"ジョウ,つね,とこ"
情,5,6,feelings,"ジョウ,（セイ）,なさ-け"
織,5,6,weave,"ショク,シキ,お-る"
職,5,6,employment,ショク
制,5,6,control,セイ
性,5,6,gender,"セイ,ショウ"
政,5,6,politics,"セイ,（ショウ）,まつりごと"
勢,5,6,power,"セイ,いきお-い"
精,5,6,refined,"セイ,（ショウ）"
製,5,6,manufacture,セイ
税,5,6,tax,ゼイ
責,5,6,blame,"セキ,せ-める"
績,5,6,exploits,セキ
接,5,6,contact,"セツ,つ-ぐ"
設,5,6,establish,"セツ,もう-ける"
舌,5,6,tongue,"ゼツ,した"
絶,5,6,discontinue,"ゼツ,た-える,た-やす,た-つ"
銭,5,6,coin,"セン,ぜに"
祖,5,6,ancestor,ソ
素,5,6,elementary,"ソ,ス"
総,5,6,whole,ソウ
造,5,6,create,"ゾウ,つく-る"
像,5,6,statue,ゾウ
増,5,6,increase,"ゾウ,ま-す,ふ-える,ふ-やす"
則,5,6,rule,ソク
測,5,6,fathom,"ソク,はか-る"
属,5,6,belong,ゾク
率,5,6,rate,"ソツ,リツ,ひき-いる"
損,5,6,loss,"ソン,そこ-なう,そこ-ねる"
退,5,6,retreat,"タイ,しりぞ-く,しりぞ-ける"
貸,5,6,lend,"タイ,か-す"
態,5,6,condition,タイ
団,5,6,group,"ダン,（トン）"
断,5,6,cut off,"ダン,た-つ,ことわ-る"
築,5,6,fabricate,"チク,きず-く"
張,5,6,stretch,"チョウ,は-る"
提,5,6,present,"テイ,さ-げる"
程,5,6,extent,"テイ,ほど"
適,5,6,suitable,テキ
敵,5,6,enemy,"テキ,かたき"
統,5,6,unite,"トウ,す-べる"
銅,5,6,copper,ドウ
導,5,6,guide,"ドウ,みちび-く"
徳,5,6,benevolence,トク
独,5,6,alone,"ドク,ひと-り"
任,5,6,responsibility,"ニン,まか-せる,まか-す"
燃,5,6,burn,"ネン,も-える,も-やす,も-す"
能,5,6,ability,ノウ
破,5,6,rend,"ハ,やぶ-る,やぶ-れる"
犯,5,6,crime,"ハン,おか-す"
判,5,6,judge,"ハン,バン"
版,5,6,printing block,ハン
比,5,6,compare,"ヒ,くら-べる"
肥,5,6,fertilizer,"ヒ,こ-える,こえ,こ-やす,こ-やし"
非,5,6,negative,ヒ
備,5,6,provide,"ビ,そな-える,そな-わる"
俵,5,6,bag,"ヒョウ,たわら"
評,5,6,evaluate,ヒョウ
貧,5,6,poor,"ヒン,ビン,まず-しい"
布,5,6,linen,"フ,ぬの"
婦,5,6,lady,フ
富,5,6,rich,"フ,（フウ）,と-む,とみ"
武,5,6,military,"ブ,ム"
復,5,6,again,フク
複,5,6,duplicate,フク
仏,5,6,Buddha,"ブツ,ほとけ"
編,5,6,compile,"ヘン,あ-む"
弁,5,6,valve,ベン
保,5,6,preserve,"ホ,たも-つ"
墓,5,6,grave,"ボ,はか"
報,5,6,report,"ホウ,むく-いる"
豊,5,6,bountiful,"ホウ,ゆた-か"
防,5,6,prevent,"ボウ,ふせ-ぐ"
貿,5,6,trade,ボウ
暴,5,6,outburst,"ボウ,（バク）,あば-く,あば-れる"
務,5,6,duty,"ム,つと-める,つと-まる"
夢,5,6,dream,"ム,ゆめ"
迷,5,6,astray,"メイ,まよ-う"
綿,5,6,cotton,"メン,わた"
輸,5,6,transport,ユ
余,5,6,leave over,"ヨ,あま-る,あま-す"
預,5,6,deposit,"ヨ,あず-ける,あず-かる"
容,5,6,contain,ヨウ
略,5,6,abbreviation,リャク
留,5,6,detain,"リュウ,（ル）,と-める,と-まる"
領,5,6,territory,リョウ
異,6,5,uncommon,"イ,こと"
遺,6,5,bequeath,"イ,（ユイ）"
域,6,5,range,イキ
宇,6,5,eaves,ウ
映,6,5,reflect,"エイ,うつ-る,うつ-す,は-える"
延,6,5,prolong,"エン,の-びる,の-べる,の-ばす"
沿,6,5,run alongside,"エン,そ-う"
我,6,5,ego,"ガ,われ,わ"
灰,6,5,ashes,"カイ,はい"
拡,6,5,broaden,カク
革,6,5,leather,"カク,かわ"
閣,6,5,"tall,cabinet",カク
割,6,5,divide,"カツ,わ-る,わり,わ-れる,さ-く"
株,6,5,stocks,かぶ
干,6,5,dry,"カン,ほ-す,ひ-る"
巻,6,5,scroll,"カン,ま-く,まき"
看,6,5,watch over,カン
簡,6,5,simplicity,カン
危,6,5,dangerous,"キ,あぶ-ない,あや-うい,あや-ぶむ"
机,6,5,desk,"キ,つくえ"
揮,6,5,brandish,キ
貴,6,5,precious,"キ,たっと-い,とうと-い,たっと-ぶ,とうと-ぶ"
疑,6,5,doubt,"ギ,うたが-う"
吸,6,5,suck,"キュウ,す-う"
供,6,5,offer,"キョウ,（ク）,そな-える,とも"
胸,6,5,bosom,"キョウ,むね,（むな）"
郷,6,5,home town,"キョウ,ゴウ"
勤,6,5,diligence,"キン,（ゴン）,つと-める,つと-まる"
筋,6,5,muscle,"キン,すじ"
系,6,5,lineage,ケイ
敬,6,5,respect,"ケイ,うやま-う"
警,6,5,guard against,ケイ
劇,6,5,drama,ゲキ
激,6,5,violent,"ゲキ,はげ-しい"
穴,6,5,hole,"ケツ,あな"
絹,6,5,silk,"ケン,きぬ"
権,6,5,rights,"ケン,（ゴン）"
憲,6,5,constitution,ケン
源,6,5,origin,"ゲン,みなもと"
厳,6,5,strict,"ゲン,（ゴン）,おごそ-か,きび-しい"
己,6,5,self,"コ,キ,おのれ"
呼,6,5,call,"コ,よ-ぶ"
誤,6,5,mistake,"ゴ,あやま-る"
后,6,5,empress,コウ
孝,6,5,filial piety,コウ
皇,6,5,emperor,"コウ,オウ"
紅,6,5,deep red,"コウ,（ク）,べに,くれない"
降,6,5,descend,"コウ,お-りる,お-ろす,ふ-る"
鋼,6,5,steel,"コウ,はがね"
刻,6,5,engrave,"コク,きざ-む"
穀,6,5,cereals,コク
骨,6,5,bone,"コツ,ほね"
困,6,5,become distressed,"コン,こま-る"
砂,6,5,sand,"サ,シャ,すな"
座,6,5,sit,"ザ,すわ-る"
済,6,5,settle,"サイ,す-む,す-ます"
裁,6,5,judge,"サイ,た-つ,さば-く"
策,6,5,scheme,サク
冊,6,5,counter for books,"サツ,サク"
蚕,6,5,silkworm,"サン,かいこ"
至,6,5,climax,"シ,いた-る"
私,6,5,me,"シ,わたくし,わたし"
姿,6,5,figure,"シ,すがた"
視,6,5,look at,シ
詞,6,5,poetry,シ
誌,6,5,document,シ
磁,6,5,magnet,ジ
射,6,5,shoot,"シャ,い-る"
捨,6,5,throw away,"シャ,す-てる"
尺,6,5,shaku,シャク
若,6,5,young,"ジャク,（ニャク）,わか-い,も-しくは"
樹,6,5,trees,ジュ
収,6,5,take in,"シュウ,おさ-める,おさ-まる"
宗,6,5,religion,"シュウ,ソウ"
就,6,5,concerning,"シュウ,（ジュ）,つ-く,つ-ける"
衆,6,5,masses,"シュウ,（シュ）"
従,6,5,obey,"ジュウ,（ショウ）,（ジュ）,したが-う,したが-える"
縦,6,5,vertical,"ジュウ,たて"
縮,6,5,shrink,"シュク,ちぢ-む,ちぢ-まる,ちぢ-める,ちぢ-れる,ちぢ-らす"
熟,6,5,ripen,"ジュク,う-れる"
純,6,5,genuine,ジュン
処,6,5,dispose,ショ
署,6,5,government office,ショ
諸,6,5,various,ショ
除,6,5,exclude,"ジョ,（ジ）,のぞ-く"
将,6,5,leader,ショウ
傷,6,5,wound,"ショウ,きず,いた-む,いた-める"
障,6,5,hurt,"ショウ,さわ-る"
城,6,5,castle,"ジョウ,しろ"
蒸,6,5,steam,"ジョウ,む-す,む-れる,む-らす"
針,6,5,needle,"シン,はり"
仁,6,5,humanity,"ジン,（ニ）"
垂,6,5,droop,"スイ,た-れる,た-らす"
推,6,5,infer,"スイ,お-す"
寸,6,5,measurement,スン
盛,6,5,prosper,"セイ,（ジョウ）,も-る,さか-る,さか-ん"
聖,6,5,holy,セイ
誠,6,5,sincerity,"セイ,まこと"
宣,6,5,proclaim,セン
専,6,5,specialty,"セン,もっぱ-ら"
泉,6,5,spring,"セン,いずみ"
洗,6,5,wash,"セン,あら-う"
染,6,5,dye,"セン,そ-める,そ-まる,し-みる,し-み"
善,6,5,good,"ゼン,よ-い"
奏,6,5,play music,"ソウ,かな-でる"
窓,6,5,window,"ソウ,まど"
創,6,5,create,"ソウ,つく-る"
装,6,5,attire,"ソウ,ショウ,よそお-う"
層,6,5,stratum,ソウ
操,6,5,maneuver,"ソウ,みさお,あやつ-る"
蔵,6,5,warehouse,"ゾウ,くら"
臓,6,5,entrails,ゾウ
存,6,5,suppose,"ソン,ゾン"
尊,6,5,revered,"ソン,たっと-い,とうと-い,たっと-ぶ,とうと-ぶ"
宅,6,5,home,タク
担,6,5,shouldering,"タン,かつ-ぐ,にな-う"
探,6,5,grope,"タン,さぐ-る,さが-す"
誕,6,5,nativity,タン
段,6,5,steps,ダン
暖,6,5,warmth,"ダン,あたた-か,あたた-かい,あたた-まる,あたた-める"
値,6,5,value,"チ,ね,あたい"
宙,6,5,mid-air,チュウ
忠,6,5,loyalty,チュウ
著,6,5,renowned,"チョ,あらわ-す,いちじる-しい"
庁,6,5,government office,チョウ
頂,6,5,place on the head,"チョウ,いただ-く,いただき"
潮,6,5,tide,"チョウ,しお"
賃,6,5,fare,チン
痛,6,5,pain,"ツウ,いた-い,いた-む,いた-める"
展,6,5,expand,テン
討,6,5,chastise,"トウ,う-つ"
党,6,5,group,トウ
糖,6,5,sugar,トウ
届,6,5,deliver,"とど-ける,とど-く"
難,6,5,difficult,"ナン,かた-い,むずか-しい"
乳,6,5,milk,"ニュウ,ちち,ち"
認,6,5,recognize,"ニン,みと-める"
納,6,5,settlement,"ノウ,（ナッ）,（ナ）,（ナン）,（トウ）,おさ-める,おさ-まる"
脳,6,5,brain,ノウ
派,6,5,sect,ハ
拝,6,5,worship,"ハイ,おが-む"
背,6,5,back,"ハイ,せ,せい,そむ-く,そむ-ける"
肺,6,5,lungs,ハイ
俳,6,5,haiku,ハイ
班,6,5,squad,ハン
晩,6,5,nightfall,バン
否,6,5,negate,"ヒ,いな"
批,6,5,criticism,ヒ
秘,6,5,secret,"ヒ,ひ-める"
腹,6,5,abdomen,"フク,はら"
奮,6,5,stirred up,"フン,ふる-う"
並,6,5,line-up,"ヘイ,なみ,なら-べる,なら-ぶ,なら-びに"
陛,6,5,highness,ヘイ
閉,6,5,closed,"ヘイ,と-じる,と-ざす,し-める,し-まる"
片,6,5,one-sided,"ヘン,かた"
補,6,5,supplement,"ホ,おぎな-う"
暮,6,5,livelihood,"ボ,く-れる,く-らす"
宝,6,5,treasure,"ホウ,たから"
訪,6,5,visit,"ホウ,おとず-れる,たず-ねる"
亡,6,5,deceased,"ボウ,（モウ）,な-い"
忘,6,5,forget,"ボウ,わす-れる"
棒,6,5,rod,ボウ
枚,6,5,sheet of...,マイ
幕,6,5,curtain,"マク,バク"
密,6,5,secrecy,ミツ
盟,6,5,alliance,メイ
模,6,5,imitation,"モ,ボ"
訳,6,5,translate,"ヤク,わけ"
郵,6,5,mail,ユウ
優,6,5,superior,"ユウ,やさ-しい,すぐ-れる"
幼,6,5,infancy,"ヨウ,おさな-い"
欲,6,5,longing,"ヨク,ほっ-する,ほ-しい"
翌,6,5,the following,ヨク
乱,6,5,riot,"ラン,みだ-れる,みだ-す"
卵,6,5,egg,"ラン,たまご"
覧,6,5,perusal,ラン
裏,6,5,back,"リ,うら"
律,6,5,law,"リツ,（リチ）"
臨,6,5,look to,"リン,のぞ-む"
朗,6,5,melodious,"ロウ,ほが-らか"
論,6,5,theory,ロン
一,1,10,one,"イチ,イツ,ひと,ひと-つ"
右,1,10,right (direction),"ウ,ユウ,みぎ"
雨,1,10,rain,"ウ,あめ,（あま）"
円,1,10,"round, yen","エン,まる-い"
王,1,10,king,オウ
音,1,10,sound,"オン,イン,おと,ね"
下,1,10,below,"カ,ゲ,した,しも,もと,さ-げる,さ-がる,くだ-る,くだ-す,くだ-さる,お-ろす,お-りる"
火,1,10,fire,"カ,ひ,（ほ）"
花,1,10,flower,"カ,はな"
貝,1,10,shellfish,かい
学,1,10,study,"ガク,まな-ぶ"
気,1,10,feeling,"キ,ケ"
九,1,10,nine,"キュウ,ク,ここの,ここの-つ"
休,1,10,rest,"キュウ,やす-む,やす-まる,やす-める"
玉,1,10,ball,"ギョク,たま"
金,1,10,gold,"キン,コン,かね,（かな）"
空,1,10,sky,"クウ,そら,あ-く,あ-ける,から"
月,1,10,"month, moon","ゲツ,ガツ,つき"
犬,1,10,dog,"ケン,いぬ"
見,1,10,see,"ケン,み-る,み-える,み-せる"
五,1,10,five,"ゴ,いつ,いつ-つ"
口,1,10,mouth,"コウ,ク,くち"
校,1,10,school,コウ
左,1,10,left (direction),"サ,ひだり"
三,1,10,three,"サン,み,み-つ,みっ-つ"
山,1,10,mountain,"サン,やま"
子,1,10,child,"シ,ス,こ"
四,1,10,four,"シ,よ,よ-つ,よっ-つ,よん"
糸,1,10,thread,"シ,いと"
字,1,10,letter,"ジ,あざ"
耳,1,10,ear,"ジ,みみ"
七,1,10,seven,"シチ,なな,なな-つ,（なの）"
車,1,10,car,"シャ,くるま"
手,1,10,hand,"シュ,て,（た）"
十,1,10,ten,"ジュウ,ジッ,とお,と"
出,1,10,exit,"シュツ,（スイ）,で-る,だ-す"
女,1,10,woman,"ジョ,ニョ,（ニョウ）,おんな,め"
小,1,10,small,"ショウ,ちい-さい,こ,お"
上,1,10,up,"ジョウ,（ショウ）,うえ,（うわ）,かみ,あ-げる,あ-がる,のぼ-る,のぼ-せる,のぼ-す"
森,1,10,forest,"シン,もり"
人,1,10,person,"ジン,ニン,ひと"
水,1,10,water,"スイ,みず"
正,1,10,correct,"セイ,ショウ,ただ-しい,ただ-す,まさ"
生,1,10,life,"セイ,ショウ,い-きる,い-かす,い-ける,う-まれる,う-む,お-う,は-える,は-やす,き,なま"
青,1,10,blue,"セイ,（ショウ）,あお,あお-い"
夕,1,10,evening,"セキ,ゆう"
石,1,10,stone,"セキ,（シャク）,（コク）,いし"
赤,1,10,red,"セキ,（シャク）,あか,あか-い,あか-らむ,あか-らめる"
千,1,10,thousand,"セン,ち"
川,1,10,river,"セン,かわ"
先,1,10,previous,"セン,さき"
早,1,10,early,"ソウ,（サッ）,はや-い,はや-まる,はや-める"
草,1,10,grass,"ソウ,くさ"
足,1,10,foot,"ソク,あし,た-りる,た-る,た-す"
村,1,10,village,"ソン,むら"
大,1,10,large,"ダイ,タイ,おお,おお-きい,おお-いに"
男,1,10,male,"ダン,ナン,おとこ"
竹,1,10,bamboo,"チク,たけ"
中,1,10,middle,"チュウ,（ジュウ）,なか"
虫,1,10,insect,"チュウ,むし"
町,1,10,town,"チョウ,まち"
天,1,10,heaven,"テン,あめ,（あま）"
田,1,10,rice paddy,"デン,た"
土,1,10,soil,"ド,ト,つち"
二,1,10,two,"ニ,ふた,ふた-つ"
日,1,10,day,"ニチ,ジツ,ひ,か"
入,1,10,enter,"ニュウ,い-る,い-れる,はい-る"
年,1,10,year,"ネン,とし"
白,1,10,white,"ハク,ビャク,しろ,（しら）,しろ-い"
八,1,10,eight,"ハチ,や,や-つ,やっ-つ,（よう）"
百,1,10,hundred,ヒャク
文,1,10,writing,"ブン,モン,ふみ"
木,1,10,tree,"ボク,モク,き,（こ）"
本,1,10,book,"ホン,もと"
名,1,10,name,"メイ,ミョウ,な"
目,1,10,eye,"モク,（ボク）,め,（ま）"
立,1,10,stand up,"リツ,（リュウ）,た-つ,た-てる"
力,1,10,power,"リョク,リキ,ちから"
林,1,10,woods,"リン,はやし"
六,1,10,six,"ロク,む,む-つ,むっ-つ,（むい）"
引,2,9,pull,"イン,ひ-く,ひ-ける"
羽,2,9,feather,"ウ,は,はね"
雲,2,9,cloud,"ウン,くも"
園,2,9,garden,"エン,その"
遠,2,9,far,"エン,（オン）,とお-い"
何,2,9,what,"カ,なに,（なん）"
科,2,9,"section,department",カ
夏,2,9,summer,"カ,（ゲ）,なつ"
家,2,9,house,"カ,ケ,いえ,や"
歌,2,9,song,"カ,うた,うた-う"
画,2,9,tableau,"ガ,カク"
回,2,9,times,"カイ,（エ）,まわ-る,まわ-す"
会,2,9,association,"カイ,エ,あ-う"
海,2,9,sea,"カイ,うみ"
絵,2,9,picture,"カイ,エ"
外,2,9,outside,"ガイ,ゲ,そと,ほか,はず-す,はず-れる"
角,2,9,angle,"カク,かど,つの"
楽,2,9,pleasure,"ガク,ラク,たの-しい,たの-しむ"
活,2,9,active,カツ
間,2,9,interval,"カン,ケン,あいだ,ま"
丸,2,9,circle,"ガン,まる,まる-い,まる-める"
岩,2,9,boulder,"ガン,いわ"
顔,2,9,face,"ガン,かお"
汽,2,9,steam,キ
記,2,9,write down,"キ,しる-す"
帰,2,9,return,"キ,かえ-る,かえ-す"
弓,2,9,"bow (archery, violin)","キュウ,ゆみ"
牛,2,9,cow,"ギュウ,うし"
魚,2,9,fish,"ギョ,うお,さかな"
京,2,9,capital,"キョウ,ケイ"
強,2,9,strong,"キョウ,ゴウ,つよ-い,つよ-まる,つよ-める,し-いる"
教,2,9,teach,"キョウ,おし-える,おそ-わる"
近,2,9,near,"キン,ちか-い"
兄,2,9,older brother,"ケイ,（キョウ）,あに"
形,2,9,shape,"ケイ,ギョウ,かた,かたち"
計,2,9,measure,"ケイ,はか-る,はか-らう"
元,2,9,origin,"ゲン,ガン,もと"
言,2,9,say,"ゲン,ゴン,い-う,こと"
原,2,9,field,"ゲン,はら"
戸,2,9,door,"コ,と"
古,2,9,old,"コ,ふる-い,ふる-す"
午,2,9,noon,ゴ
後,2,9,behind,"ゴ,コウ,のち,うし-ろ,あと,おく-れる"
語,2,9,language,"ゴ,かた-る,かた-らう"
工,2,9,craft,"コウ,ク"
公,2,9,public,"コウ,おおやけ"
広,2,9,wide,"コウ,ひろ-い,ひろ-まる,ひろ-める,ひろ-がる,ひろ-げる"
交,2,9,mix,"コウ,まじ-わる,まじ-える,ま-じる,ま-ざる,ま-ぜる,か-う,か-わす"
光,2,9,ray,"コウ,ひか-る,ひかり"
考,2,9,think,"コウ,かんが-える"
行,2,9,go,"コウ,ギョウ,（アン）,い-く,ゆ-く,おこな-う"
高,2,9,"tall, expensive","コウ,たか-い,たか,たか-まる,たか-める"
黄,2,9,yellow,"コウ,オウ,き,（こ）"
合,2,9,fit,"ゴウ,ガッ,（カッ）,あ-う,あ-わす,あ-わせる"
谷,2,9,valley,"コク,たに"
国,2,9,country,"コク,くに"
黒,2,9,black,"コク,くろ,くろ-い"
今,2,9,now,"コン,キン,いま"
才,2,9,genius,サイ
細,2,9,thin,"サイ,ほそ-い,ほそ-る,こま-か,こま-かい"
作,2,9,make,"サク,サ,つく-る"
算,2,9,calculate,サン
止,2,9,stop,"シ,と-まる,と-める"
市,2,9,market,"シ,いち"
矢,2,9,arrow,"シ,や"
姉,2,9,older sister,"シ,あね"
思,2,9,think,"シ,おも-う"
紙,2,9,paper,"シ,かみ"
寺,2,9,Buddhist temple,"ジ,てら"
自,2,9,oneself,"ジ,シ,みずか-ら"
時,2,9,time,"ジ,とき"
室,2,9,room,"シツ,むろ"
社,2,9,company,"シャ,やしろ"
弱,2,9,weak,"ジャク,よわ-い,よわ-る,よわ-まる,よわ-める"
首,2,9,neck,"シュ,くび"
秋,2,9,autumn,"シュウ,あき"
週,2,9,week,シュウ
春,2,9,springtime,"シュン,はる"
書,2,9,write,"ショ,か-く"
少,2,9,few,"ショウ,すく-ない,すこ-し"
場,2,9,place,"ジョウ,ば"
色,2,9,color,"ショク,シキ,いろ"
食,2,9,"eat, meal","ショク,（ジキ）,く-う,く-らう,た-べる"
心,2,9,heart,"シン,こころ"
新,2,9,new,"シン,あたら-しい,あら-た,にい"
親,2,9,parent,"シン,おや,した-しい,した-しむ"
図,2,9,diagram,"ズ,ト,はか-る"
数,2,9,number,"スウ,（ス）,かず,かぞ-える"
西,2,9,west,"セイ,サイ,にし"
声,2,9,voice,"セイ,（ショウ）,こえ,（こわ）"
星,2,9,star,"セイ,（ショウ）,ほし"
晴,2,9,clear up,"セイ,は-れる,は-らす"
切,2,9,cut,"セツ,（サイ）,き-る,き-れる"
雪,2,9,snow,"セツ,ゆき"
船,2,9,boat,"セン,ふね,（ふな）"
線,2,9,line,セン
前,2,9,in front,"ゼン,まえ"
組,2,9,association,"ソ,く-む,くみ"
走,2,9,run,"ソウ,はし-る"
多,2,9,many,"タ,おお-い"
太,2,9,thick,"タイ,タ,ふと-い,ふと-る"
体,2,9,body,"タイ,テイ,からだ"
台,2,9,pedestal,"ダイ,タイ"
地,2,9,ground,"チ,ジ"
池,2,9,pond,"チ,いけ"
知,2,9,know,"チ,し-る"
茶,2,9,tea,"チャ,サ"
昼,2,9,daytime,"チュウ,ひる"
長,2,9,long,"チョウ,なが-い"
鳥,2,9,bird,"チョウ,とり"
朝,2,9,morning,"チョウ,あさ"
直,2,9,straight,"チョク,ジキ,ただ-ちに,なお-す,なお-る"
通,2,9,pass through,"ツウ,（ツ）,とお-る,とお-す,かよ-う"
弟,2,9,younger brother,"テイ,（ダイ）,（デ）,おとうと"
店,2,9,shop,"テン,みせ"
点,2,9,point,テン
電,2,9,electricity,デン
刀,2,9,sword,"トウ,かたな"
冬,2,9,winter,"トウ,ふゆ"
当,2,9,hit,"トウ,あ-たる,あ-てる"
東,2,9,east,"トウ,ひがし"
答,2,9,answer,"トウ,こた-える,こた-え"
頭,2,9,head,"トウ,ズ,（ト）,あたま,かしら"
同,2,9,same,"ドウ,おな-じ"
道,2,9,road,"ドウ,（トウ）,みち"
読,2,9,read,"ドク,トク,（トウ）,よ-む"
内,2,9,inside,"ナイ,（ダイ）,うち"
南,2,9,south,"ナン,（ナ）,みなみ"
肉,2,9,meat,ニク
馬,2,9,horse,"バ,うま,（ま）"
売,2,9,sell,"バイ,う-る,う-れる"
買,2,9,buy,"バイ,か-う"
麦,2,9,wheat,"バク,むぎ"
半,2,9,half,"ハン,なか-ば"
番,2,9,one's turn,バン
父,2,9,father,"フ,ちち"
風,2,9,wind,"フウ,（フ）,かぜ,（かざ）"
分,2,9,"part, minute of time","ブン,フン,ブ,わ-ける,わ-かれる,わ-かる,わ-かつ"
聞,2,9,hear,"ブン,モン,き-く,き-こえる"
米,2,9,rice,"ベイ,マイ,こめ"
歩,2,9,walk,"ホ,ブ,（フ）,ある-く,あゆ-む"
母,2,9,mother,"ボ,はは"
方,2,9,direction,"ホウ,かた"
北,2,9,north,"ホク,きた"
毎,2,9,every,マイ
妹,2,9,younger sister,"マイ,いもうと"
万,2,9,ten thousand,"マン,バン"
明,2,9,bright,"メイ,ミョウ,あ-かり,あか-るい,あか-るむ,あか-らむ,あき-らか,あ-ける,あ-く,あ-くる,あ-かす"
鳴,2,9,chirp,"メイ,な-く,な-る,な-らす"
毛,2,9,hair,"モウ,け"
門,2,9,gates,"モン,かど"
夜,2,9,night,"ヤ,よ,よる"
野,2,9,field,"ヤ,の"
友,2,9,friend,"ユウ,とも"
用,2,9,use,"ヨウ,もち-いる"
曜,2,9,day of the week,ヨウ
来,2,9,come,"ライ,く-る,きた-る,きた-す"
里,2,9,village,"リ,さと"
理,2,9,reason,リ
話,2,9,talk,"ワ,はな-す,はなし"
